instance_id,corpus_group,source_label,block_order,page_start,page_end,summary,scope,description_state,provenance_verdict,provenance_source,evidence_locator,content_family_id,status
teach-deck01-01,teaching,notes-lecture-series-01-09,1,41,42,"tournament, 4 parts, solved",in-scope,resolved,open,,reports/11-QUESTION-ATLAS/00-COUNT-REGISTER.md,,gross
teach-deck01-02,teaching,notes-lecture-series-01-09,2,46,47,"laptops and desktops, 4 parts, solved",in-scope,resolved,open,,reports/11-QUESTION-ATLAS/00-COUNT-REGISTER.md,,gross
teach-deck01-03,teaching,notes-lecture-series-01-09,3,48,49,"basketball lineup, 2 parts, solved",in-scope,resolved,open,,reports/11-QUESTION-ATLAS/00-COUNT-REGISTER.md,,gross
teach-deck01-04,teaching,notes-lecture-series-01-09,4,50,50,"camera conditional probability, solved",in-scope,resolved,open,,reports/11-QUESTION-ATLAS/00-COUNT-REGISTER.md,,gross
teach-deck01-05,teaching,notes-lecture-series-01-09,5,52,52,Bernoulli coin example,in-scope,resolved,open,,reports/11-QUESTION-ATLAS/00-COUNT-REGISTER.md,,gross
teach-deck01-06,teaching,notes-lecture-series-01-09,6,53,53,two coin X example,in-scope,resolved,open,,reports/11-QUESTION-ATLAS/00-COUNT-REGISTER.md,,gross
teach-deck01-07,teaching,notes-lecture-series-01-09,7,54,55,dice sum pmf,in-scope,resolved,open,,reports/11-QUESTION-ATLAS/00-COUNT-REGISTER.md,,gross
teach-deck01-08,teaching,notes-lecture-series-01-09,8,56,56,two coin Y example,in-scope,resolved,open,,reports/11-QUESTION-ATLAS/00-COUNT-REGISTER.md,,gross
teach-deck01-09,teaching,notes-lecture-series-01-09,9,57,59,geometric N example plus verify sum equals 1,in-scope,resolved,open,,reports/11-QUESTION-ATLAS/00-COUNT-REGISTER.md,,gross
teach-deck01-10,teaching,notes-lecture-series-01-09,10,60,60,car lifetime example,in-scope,resolved,open,,reports/11-QUESTION-ATLAS/00-COUNT-REGISTER.md,,gross
teach-deck01-11,teaching,notes-lecture-series-01-09,11,65,65,"gas station pumps, 3 parts, NO solution",in-scope,resolved,open,,reports/11-QUESTION-ATLAS/00-COUNT-REGISTER.md,,gross
teach-deck01-12,teaching,notes-lecture-series-01-09,12,66,66,"k probability function, 4 parts, NO solution (key sits in assignment 1 long Q2)",in-scope,resolved,open,,reports/11-QUESTION-ATLAS/00-COUNT-REGISTER.md,,gross
teach-deck01-13,teaching,notes-lecture-series-01-09,13,67,69,"tune-ups, 3 parts, solved",in-scope,resolved,open,,reports/11-QUESTION-ATLAS/00-COUNT-REGISTER.md,,gross
teach-deck01-14,teaching,notes-lecture-series-01-09,14,70,71,"contractor forms, 4 parts, solved",in-scope,resolved,open,,reports/11-QUESTION-ATLAS/00-COUNT-REGISTER.md,,gross
teach-deck01-15,teaching,notes-lecture-series-01-09,15,72,73,"flashlight batteries, 4 parts, solved",in-scope,resolved,open,,reports/11-QUESTION-ATLAS/00-COUNT-REGISTER.md,,gross
teach-deck01-16,teaching,notes-lecture-series-01-09,16,80,81,"boards inspection, 3 parts, solved",in-scope,resolved,open,,reports/11-QUESTION-ATLAS/00-COUNT-REGISTER.md,,gross
teach-deck01-17,teaching,notes-lecture-series-01-09,17,82,83,"dice maximum M, 2 parts, solved",in-scope,resolved,open,,reports/11-QUESTION-ATLAS/00-COUNT-REGISTER.md,,gross
teach-deck01-18,teaching,notes-lecture-series-01-09,18,85,85,"cdf nondecreasing proof, solved",in-scope,resolved,open,,reports/11-QUESTION-ATLAS/00-COUNT-REGISTER.md,,gross
teach-deck01-19,teaching,notes-lecture-series-01-09,19,89,89,die roll E(X) example,in-scope,resolved,open,,reports/11-QUESTION-ATLAS/00-COUNT-REGISTER.md,,gross
teach-deck01-20,teaching,notes-lecture-series-01-09,20,93,93,"prove E[aX plus b], solved",in-scope,resolved,open,,reports/11-QUESTION-ATLAS/00-COUNT-REGISTER.md,,gross
teach-deck01-21,teaching,notes-lecture-series-01-09,21,94,94,"E(X), E(X squared), E(2X+1) squared, answer given",in-scope,resolved,open,,reports/11-QUESTION-ATLAS/00-COUNT-REGISTER.md,,gross
teach-deck01-22,teaching,notes-lecture-series-01-09,22,107,108,"freezer dealer, 4 parts, solved",in-scope,resolved,open,,reports/11-QUESTION-ATLAS/00-COUNT-REGISTER.md,,gross
teach-deck01-23,teaching,notes-lecture-series-01-09,23,109,111,"magazine orders, solved",in-scope,resolved,open,,reports/11-QUESTION-ATLAS/00-COUNT-REGISTER.md,,gross
teach-deck01-24,teaching,notes-lecture-series-01-09,24,124,125,"f(x) equals 2x, verify and P(X under 1/2), solved",in-scope,resolved,open,,reports/11-QUESTION-ATLAS/00-COUNT-REGISTER.md,,gross
teach-deck01-25,teaching,notes-lecture-series-01-09,25,126,126,"continuous conditional probability, solved",in-scope,resolved,open,,reports/11-QUESTION-ATLAS/00-COUNT-REGISTER.md,,gross
teach-deck01-26,teaching,notes-lecture-series-01-09,26,127,129,"bus waiting times, 6 parts, solved",in-scope,resolved,open,,reports/11-QUESTION-ATLAS/00-COUNT-REGISTER.md,,gross
teach-deck01-27,teaching,notes-lecture-series-01-09,27,138,138,"exercise, two cdfs, NO solution",in-scope,resolved,open,,reports/11-QUESTION-ATLAS/00-COUNT-REGISTER.md,,gross
teach-deck01-28,teaching,notes-lecture-series-01-09,28,139,139,"distribution function to density, NO solution",in-scope,resolved,open,,reports/11-QUESTION-ATLAS/00-COUNT-REGISTER.md,,gross
teach-deck01-29,teaching,notes-lecture-series-01-09,29,142,142,"hospitalization E(Y), answer given",in-scope,resolved,open,,reports/11-QUESTION-ATLAS/00-COUNT-REGISTER.md,,gross
teach-deck01-30,teaching,notes-lecture-series-01-09,30,146,147,"Pareto pdf, 5 parts, solved",in-scope,resolved,open,,reports/11-QUESTION-ATLAS/00-COUNT-REGISTER.md,,gross
teach-ppt3-01,teaching,ppt3-discrete-prob-dist,1,,,,in-scope,pending,unsearched,,reports/11-QUESTION-ATLAS/00-COUNT-REGISTER.md,,gross
teach-ppt3-02,teaching,ppt3-discrete-prob-dist,2,,,,in-scope,pending,unsearched,,reports/11-QUESTION-ATLAS/00-COUNT-REGISTER.md,,gross
teach-ppt3-03,teaching,ppt3-discrete-prob-dist,3,,,,in-scope,pending,unsearched,,reports/11-QUESTION-ATLAS/00-COUNT-REGISTER.md,,gross
teach-ppt3-04,teaching,ppt3-discrete-prob-dist,4,,,,in-scope,pending,unsearched,,reports/11-QUESTION-ATLAS/00-COUNT-REGISTER.md,,gross
teach-ppt3-05,teaching,ppt3-discrete-prob-dist,5,,,,in-scope,pending,unsearched,,reports/11-QUESTION-ATLAS/00-COUNT-REGISTER.md,,gross
teach-ppt3-06,teaching,ppt3-discrete-prob-dist,6,,,,in-scope,pending,unsearched,,reports/11-QUESTION-ATLAS/00-COUNT-REGISTER.md,,gross
teach-ppt4-01,teaching,ppt4-continuous-prob-dist,1,,,,in-scope,pending,unsearched,,reports/11-QUESTION-ATLAS/00-COUNT-REGISTER.md,,gross
teach-ppt4-02,teaching,ppt4-continuous-prob-dist,2,,,,in-scope,pending,unsearched,,reports/11-QUESTION-ATLAS/00-COUNT-REGISTER.md,,gross
teach-ppt4-03,teaching,ppt4-continuous-prob-dist,3,,,,in-scope,pending,unsearched,,reports/11-QUESTION-ATLAS/00-COUNT-REGISTER.md,,gross
teach-ppt4-04,teaching,ppt4-continuous-prob-dist,4,,,,in-scope,pending,unsearched,,reports/11-QUESTION-ATLAS/00-COUNT-REGISTER.md,,gross
teach-ppt4-05,teaching,ppt4-continuous-prob-dist,5,,,,in-scope,pending,unsearched,,reports/11-QUESTION-ATLAS/00-COUNT-REGISTER.md,,gross
teach-ppt4-06,teaching,ppt4-continuous-prob-dist,6,,,,in-scope,pending,unsearched,,reports/11-QUESTION-ATLAS/00-COUNT-REGISTER.md,,gross
teach-ppt4-07,teaching,ppt4-continuous-prob-dist,7,,,,in-scope,pending,unsearched,,reports/11-QUESTION-ATLAS/00-COUNT-REGISTER.md,,gross
teach-lms-se-clt-01,teaching,lms-standard-error-clt,1,,,,in-scope,pending,unsearched,,reports/11-QUESTION-ATLAS/00-COUNT-REGISTER.md,,gross
teach-lms-se-clt-02,teaching,lms-standard-error-clt,2,,,,in-scope,pending,unsearched,,reports/11-QUESTION-ATLAS/00-COUNT-REGISTER.md,,gross
teach-lms-se-clt-03,teaching,lms-standard-error-clt,3,,,,in-scope,pending,unsearched,,reports/11-QUESTION-ATLAS/00-COUNT-REGISTER.md,,gross
teach-lms-se-clt-04,teaching,lms-standard-error-clt,4,,,,in-scope,pending,unsearched,,reports/11-QUESTION-ATLAS/00-COUNT-REGISTER.md,,gross
teach-lms-se-clt-05,teaching,lms-standard-error-clt,5,,,,in-scope,pending,unsearched,,reports/11-QUESTION-ATLAS/00-COUNT-REGISTER.md,,gross
teach-ppt5-01,teaching,ppt5-estimation-summary,1,,,,in-scope,pending,unsearched,,reports/11-QUESTION-ATLAS/00-COUNT-REGISTER.md,,gross
teach-ppt5-02,teaching,ppt5-estimation-summary,2,,,,in-scope,pending,unsearched,,reports/11-QUESTION-ATLAS/00-COUNT-REGISTER.md,,gross
teach-ppt5-03,teaching,ppt5-estimation-summary,3,,,,in-scope,pending,unsearched,,reports/11-QUESTION-ATLAS/00-COUNT-REGISTER.md,,gross
teach-ppt5-04,teaching,ppt5-estimation-summary,4,,,,in-scope,pending,unsearched,,reports/11-QUESTION-ATLAS/00-COUNT-REGISTER.md,,gross
teach-ppt5-05,teaching,ppt5-estimation-summary,5,,,,in-scope,pending,unsearched,,reports/11-QUESTION-ATLAS/00-COUNT-REGISTER.md,,gross
teach-lms-theory-01,teaching,lms-theory-of-estimation,1,,,,in-scope,pending,unsearched,,reports/11-QUESTION-ATLAS/00-COUNT-REGISTER.md,,gross
teach-lms-theory-02,teaching,lms-theory-of-estimation,2,,,,in-scope,pending,unsearched,,reports/11-QUESTION-ATLAS/00-COUNT-REGISTER.md,,gross
teach-lms-theory-03,teaching,lms-theory-of-estimation,3,,,,in-scope,pending,unsearched,,reports/11-QUESTION-ATLAS/00-COUNT-REGISTER.md,,gross
teach-lms-theory-04,teaching,lms-theory-of-estimation,4,,,,in-scope,pending,unsearched,,reports/11-QUESTION-ATLAS/00-COUNT-REGISTER.md,,gross
teach-lms-theory-05,teaching,lms-theory-of-estimation,5,,,,in-scope,pending,unsearched,,reports/11-QUESTION-ATLAS/00-COUNT-REGISTER.md,,gross
teach-lms-theory-06,teaching,lms-theory-of-estimation,6,,,,in-scope,pending,unsearched,,reports/11-QUESTION-ATLAS/00-COUNT-REGISTER.md,,gross
teach-lms-theory-07,teaching,lms-theory-of-estimation,7,,,,in-scope,pending,unsearched,,reports/11-QUESTION-ATLAS/00-COUNT-REGISTER.md,,gross
cheb-Q1,chebyshev,L10-11-chebyshev-deck,1,,,"Q1. If E(x)=3 and E(𝑋 2 )=13, find a lower bound for P(-2<X<8)? Solution : We know that chebyeshev’s inequality: 1 P(|x-𝜇|< 𝑘𝜎)≥ 1 − 2 𝑘 For this we need 𝜇, 𝜎 𝑎𝑛𝑑 𝑘 Now 𝜇=E(X)=3 𝜎 2 =E(𝑋 2 )-(𝐸(𝑋))2 =13-9=4 ⟹𝜎 = 2 ∴P(-2<X<8)=P(-2-3<X-3<8-3) =P(-5<X-3<5) ∴ by Chebyshev’s inequality, we have 1 P(|x-𝜇|< 𝑘𝜎)≥ 1 − 2 𝑘 4 21 ∴ P(|x−3| < 5) ≥ 1 − 2 = 5 25 21 Hence the lower bound is 25",in-scope,resolved,open,,reports/18-CORPUS-ACCOUNTING.md,,gross
cheb-Q2,chebyshev,L10-11-chebyshev-deck,2,,,"Q2. A random variable X has mean μ = 10 and variance σ² = 4. Using Chebyshev’s inequality, find the following: (i) P(|X − 10| ≥ 3) (ii) P(|X − 10| < 3) (iii) P(5 ≤ X < 15) (iv) The value of the constant C such that P(|X − 10| ≥ C) ≤ 0.04",in-scope,resolved,open,,reports/18-CORPUS-ACCOUNTING.md,,gross
cheb-Q3,chebyshev,L10-11-chebyshev-deck,3,,,"Q3. A random variable X takes the values -1,1,3,5 with associated probabilities , , and 6 6 6 2 respectively. (i) Find by direct computation P(|X-3|≥ 1). (ii) Find the upper bound to this probability by applying Chebyshev’s inequality. 1 1 1 1",in-scope,resolved,open,,reports/18-CORPUS-ACCOUNTING.md,,gross
asn2025-1-MCQ-01,assignments-2025,assignment-2025-26-1,1,,,"Q1. (a) Define discrete and continuous random variables with examples. MSV17HMFJTVMF6IE7MQ6 (b) The expectation of two independent random variables 𝑋 and 𝑌 will be E(XY)=..…….. (c) Write the statement of Chebyshev’s inequality. (d) If b is a constant, then the expectation E(b) will be i. 1 iii. b ii. 0 iv. None (e) Define probability mass function with one real life example. (f) If f(x) is probability density function of a continuous random variable, then ∞ ∫−∞ 𝑓(𝑥)𝑑𝑥 = ⋯ … … . . . i. 0 ii. 1 ii",in-scope,resolved,open,,reports/11-QUESTION-ATLAS/00-COUNT-REGISTER.md,,gross
asn2025-1-MCQ-02,assignments-2025,assignment-2025-26-1,2,,,"Q2. Two dice are rolled. Let 𝑋 denote the random variable which counts the total number of points on the upturned faces, construct a table giving the non-zero values of the probability mass function. Also find the distribution function of 𝑋. 𝟎, 𝒙<𝟐 𝟏 , 𝟐≤𝒙<𝟑 𝟑𝟔 𝟑 , 𝟑≤𝒙<𝟒 𝟑𝟔 Ans. F(x)= 𝟔 , 𝟒≤𝒙<𝟓 𝟑𝟔 MSV17HMFJTVMF6IE7MQ6 𝟑𝟓 , 𝟏𝟏 ≤ 𝒙 < 𝟏𝟐 𝟑𝟓 { 𝟏, 𝒙 ≥ 𝟏𝟐",in-scope,resolved,open,,reports/11-QUESTION-ATLAS/00-COUNT-REGISTER.md,,gross
asn2025-1-MCQ-03,assignments-2025,assignment-2025-26-1,3,,,"Q3. A diameter of an electric cable, say 𝑋, is assumed to be a continuous random variable with p.d.f.: 𝑓(𝑥) = 6𝑥(1 − 𝑥), 0 ≤ 𝑥 ≤ 1. Check that 𝑓(𝑥) is p.d.f., and (ii) determine a number 𝑏 such that 𝑃(𝑋 < 𝑏) = 𝑃(𝑋 > 1 1 2 𝑏). (iii) Obtain expression for the c.d.f. of 𝑋. (iv) Compute 𝑃 (𝑋 ≤ 2 | 3 ≤ 𝑋 ≤ 3). Ans. ii. b=1/2 iii. 𝑭(𝒙) = 𝟑𝒙𝟐 − 𝟐𝒙𝟑 , 𝟎 ≤ 𝒙 ≤ 𝟏, iv. 11/26",in-scope,resolved,family,G&K-Fundamentals,reports/11-QUESTION-ATLAS/00-COUNT-REGISTER.md ; G&K-Fundamentals: diameter electric cable say assumed | electric cable say assumed continuous | cable say assumed continuous random | say assumed continuous random variable,,gross
asn2025-1-MCQ-04,assignments-2025,assignment-2025-26-1,4,,,"Q4. Let 𝑋 be a random variable with the following probability distribution : MSV17HMFJTVMF6IE7MQ6 X=x -3 6 9 𝑃(𝑋 = 𝑥) 1/6 1/2 1/3 Find 𝐸(𝑋) and 𝐸(𝑋 2 ) and using the laws of expectation, evaluate 𝐸(2𝑋 + 1)2 . Ans. E(X)=11/2, 𝑬(𝑿𝟐 ) = 𝟗𝟑/𝟐, 209",in-scope,resolved,open,,reports/11-QUESTION-ATLAS/00-COUNT-REGISTER.md,,gross
asn2025-1-MCQ-05,assignments-2025,assignment-2025-26-1,5,,,"Q5. A random variable X has mean 10 variance 4. Using Chebyshev’s inequality, find the value of the constant c such that 𝑃(|𝑋 − 10| ≥ 𝑐) ≤ 0.04. Ans. 10",in-scope,resolved,open,,reports/11-QUESTION-ATLAS/00-COUNT-REGISTER.md,,gross
asn2025-1-MCQ-06,assignments-2025,assignment-2025-26-1,6,,,Q6. A lot containing 7 components is sampled by a quality inspector. The lot contains 4 good components and 3 defective components. A sample of 3 is taken by the inspector. Find the expected value of the number of good components in the sample. Ans. 1.7,in-scope,resolved,open,,reports/11-QUESTION-ATLAS/00-COUNT-REGISTER.md,,gross
asn2025-1-MCQ-07,assignments-2025,assignment-2025-26-1,7,,,"Q7. The shelf life in years of a certain perishable food product packaged in cardboard containers is a random variable, whose probability density function is given by 𝑒 −𝑥 , 𝑤ℎ𝑒𝑛 𝑥 > 0 𝑓(𝑥) = { 0, 𝑒𝑙𝑠𝑒𝑤ℎ𝑒𝑟𝑒 Let 𝑋1 , 𝑋2 , 𝑋3 represent the shelf lives for three of these containers selected independently, find the probability P(𝑋1 < 2, 1 < 𝑋2 < 3 , 𝑋3 > 2). Ans. 0.0372 SECTION-C (Analytical Based Questions)",in-scope,resolved,open,,reports/11-QUESTION-ATLAS/00-COUNT-REGISTER.md,,gross
asn2025-1-MCQ-08,assignments-2025,assignment-2025-26-1,8,,,"Q8. A random variable 𝑋 has the following probability function: MSV17HMFJTVMF6IE7MQ6 Values of X, 0 1 2 3 4 5 6 7 x: P(x) 0 k 2k 2k 3k K2 2k2 7k2+k (i) Find k, (ii) Evaluate 𝑃(𝑋 < 6), 𝑃(𝑋 ≥ 6), and 𝑃(0 < 𝑋 < 5) (iii) 1 determine the distribution function of 𝑋 (iv) if 𝑃(𝑋 ≤ 𝑎) > 2, find the minimum value of 𝑎. Ans. (i) k=1/10, ii. 81/100, 19/100 , 4/5 iv. A=4",in-scope,resolved,family,G&K-Fundamentals,reports/11-QUESTION-ATLAS/00-COUNT-REGISTER.md ; G&K-Fundamentals: random variable following probability function | 2k 2k 3k k2 2k2 | 2k 3k k2 2k2 7k2,,gross
asn2025-1-MCQ-09,assignments-2025,assignment-2025-26-1,9,,,"Q9. A random number 𝑋 is distributed at random between the values 0 and 1 so that its probability density function is 𝑓(𝑥) = 𝑘𝑥 2 (1 − 𝑥 3 ), where k is a constant. Find the value of k. Using this value of k, find its mean and variance. Ans. 6, 9/14, 9/245",in-scope,resolved,open,,reports/11-QUESTION-ATLAS/00-COUNT-REGISTER.md,,gross
asn2025-1-MCQ-10,assignments-2025,assignment-2025-26-1,10,,,"Q10. The distribution function of the random variable X is given by 0, 𝑥≤0 4 (𝑥 − 1) , 1≤𝑥≤3 𝐹(𝑥) = 16 1, 𝑥>3 { i. Find corresponding density function. ii. Compute P( 2 ≤ 𝑥 ≤ 3) Ans. ii. 15/16",in-scope,resolved,open,,reports/11-QUESTION-ATLAS/00-COUNT-REGISTER.md,,gross
asn2025-1-SHORT-01,assignments-2025,assignment-2025-26-1,11,,,"Q11. If X and Y are independent random variables with mean 2, 3 and variance 1, 2 respectively. Find the the mean and variance of the random variable 𝑍 = 2𝑋 − 5𝑌. Ans. -11, 54",in-scope,resolved,open,,reports/11-QUESTION-ATLAS/00-COUNT-REGISTER.md,,gross
asn2025-1-SHORT-02,assignments-2025,assignment-2025-26-1,12,,,Q12. A symmetric die is thrown 600 times. Find the lower bound for the probability of getting 80 to 120 sixes. Ans. 19/24,in-scope,resolved,open,,reports/11-QUESTION-ATLAS/00-COUNT-REGISTER.md,,gross
asn2025-1-SHORT-03,assignments-2025,assignment-2025-26-1,13,,,Q13. A frequency distribution is defined by 3 𝑥 0≤𝑥≤1 𝑓(𝑥) = { 3(2 − 𝑥)3 1 ≤ 𝑥 ≤ 2 Prove that f(x) is probability density function. Also find mean and standard deviation. 𝟏𝟏 √𝟏𝟕 Ans. i. 𝟏𝟎 ii. 𝟑𝟎𝟎 SECTION-D (Application based Question),in-scope,resolved,open,,reports/11-QUESTION-ATLAS/00-COUNT-REGISTER.md,,gross
asn2025-1-SHORT-04,assignments-2025,assignment-2025-26-1,14,,,"Q14. Suppose that the life in hours of a certain part of radio tube is a continuous random variable 𝑋 with p.d.f. given by 100 𝑓(𝑥) = { 𝑥 2 , 𝑤ℎ𝑒𝑛 𝑥 ≥ 100 0, 𝑒𝑙𝑠𝑒𝑤ℎ𝑒𝑟𝑒 MSV17HMFJTVMF6IE7MQ6 (i) What is the probability that all of three such tubes in a given radio set will have to be replaced during the first 150 hours of operation? (ii) What is probability that none of three of the original tubes will have to be replaced during that first 150 hours of operation? (iii) What is probability that a t",in-scope,resolved,family,G&K-Fundamentals,reports/11-QUESTION-ATLAS/00-COUNT-REGISTER.md ; G&K-Fundamentals: three tubes radio set replaced | tubes radio set replaced during | three original tubes replaced during,,gross
asn2025-1-SHORT-05,assignments-2025,assignment-2025-26-1,15,,,"Q15. A salesperson for a medical device company has two appointments on a given day. At the first appointment, he believes that he has a 70% chance to make the deal, from which he can urn $1000 commission if successful. On the other hand he thinks he has only 40% chance to make the deal at the second appointment, if which he can make $1500. What is his expected commission based on his own probability belief? Assume that the appointment results are independent of each other. Ans. $1300",in-scope,resolved,open,,reports/11-QUESTION-ATLAS/00-COUNT-REGISTER.md,,gross
asn2025-1-SHORT-06,assignments-2025,assignment-2025-26-1,16,,,"Q16. The hospitalization period, in days for patients, following treatment for a certain type of kidney disorder is a random variable 𝑌 = 𝑋 + 4, where X has the density function 32 𝑥>0 𝑓(𝑥) = {(𝑥+4)3 0 𝑒𝑙𝑠𝑒𝑤ℎ𝑒𝑟𝑒 Find the average number of days that the person is hospitalized following treatment for this disorder.",in-scope,resolved,open,,reports/11-QUESTION-ATLAS/00-COUNT-REGISTER.md,,gross
asn2025-1-LONG-01,assignments-2025,assignment-2025-26-1,17,,,"Q17. Seventy new jobs are opening at the automobile manufacturing plant, and 1000 applicants show up for the 70 positions. To select the best 70 from among the applicants, the company gives the tests that covers mechanical skills, manual dexterity and mathematical ability. The mean grade on this test turns out to be 60 and the scores have a standard deviation of 6. Can a person who scores 84 counts on getting one of the jobs? Hint: Use Chebyshev’s theorem. Assume that the distribution is symmetr",in-scope,resolved,open,,reports/11-QUESTION-ATLAS/00-COUNT-REGISTER.md,,gross
asn2025-1-LONG-02,assignments-2025,assignment-2025-26-1,18,,,"Q18. An insurance company offers its policyholders a number of different premium payment options. For a randomly selected policy holder, let X be the number of months between successive payments. The cumulative distribution function of X is 0 :𝑥 < 1 0.4 : 1 ≤ 𝑥 < 3 𝑓(𝑥) = 0.6 3 ≤ 𝑥 < 5 0.8 5 ≤ 𝑥 < 7 { 1 𝑥≥7 MSV17HMFJTVMF6IE7MQ6 a. What is the probability mass function of X. b. Compute 𝑃(4 < 𝑋 ≤ 7)",in-scope,resolved,open,,reports/11-QUESTION-ATLAS/00-COUNT-REGISTER.md,,gross
asn2025-1-LONG-03,assignments-2025,assignment-2025-26-1,19,,,Q19. The time to failure in hours of an important piece of electronic component used in a manufactured DVD player has the density function 1 −𝑥 𝑓(𝑥) = {2000 𝑒 2000 𝑥 ≥ 0 0 𝑥<0 Find i. Cumulative distribution function 𝐹(𝑥). ii. Determine the probability that the component lasts more than 1000 hours MSV17HMFJTVMF6IE7MQ6 before the component needs to be replaced. iii. Determine the probability that the component fails before 2000 hours. Ans. i. 0 𝑥<0 𝐹(𝑥) = { −𝑥 1 − 𝑒 2000 𝑥 ≥ 0 ii. 0.6065 iii. 0.6,in-scope,resolved,open,,reports/11-QUESTION-ATLAS/00-COUNT-REGISTER.md,,gross
asn2025-1-LONG-04,assignments-2025,assignment-2025-26-1,20,,,,in-scope,pending,unsearched,,reports/11-QUESTION-ATLAS/00-COUNT-REGISTER.md,,gross
asn2025-1-APP-01,assignments-2025,assignment-2025-26-1,21,,,,in-scope,pending,unsearched,,reports/11-QUESTION-ATLAS/00-COUNT-REGISTER.md,,gross
asn2025-1-APP-02,assignments-2025,assignment-2025-26-1,22,,,,in-scope,pending,unsearched,,reports/11-QUESTION-ATLAS/00-COUNT-REGISTER.md,,gross
asn2025-1-APP-03,assignments-2025,assignment-2025-26-1,23,,,,in-scope,pending,unsearched,,reports/11-QUESTION-ATLAS/00-COUNT-REGISTER.md,,gross
asn2025-1-APP-04,assignments-2025,assignment-2025-26-1,24,,,,in-scope,pending,unsearched,,reports/11-QUESTION-ATLAS/00-COUNT-REGISTER.md,,gross
asn2025-2-A-01,assignments-2025,assignment-2025-26-2,1,,,"Q1. If the Mean and Variance of a random variable X are 3 and 4, respectively. Check whether X follows a Binomial Distribution.",in-scope,resolved,open,,reports/11-QUESTION-ATLAS/00-COUNT-REGISTER.md,,gross
asn2025-2-A-02,assignments-2025,assignment-2025-26-2,2,,,"Q2. If the values taken by a random variable are negative, the negative values will have ___________ a) Positive probability b) Negative Probability c) May have negative or positive probabilities d) Insufficient data",in-scope,resolved,open,,reports/11-QUESTION-ATLAS/00-COUNT-REGISTER.md,,gross
asn2025-2-A-03,assignments-2025,assignment-2025-26-2,3,,,"Q3. In a Poisson Distribution, if mean (m) = e, then P(x) is given by ___________ a) e(x−m)/x! b) e /x! MSV17HMFJTVMF6IE7MQ6 (m−x) c) x!/e(m−x) d) x!/e(x−m)",in-scope,resolved,open,,reports/11-QUESTION-ATLAS/00-COUNT-REGISTER.md,,gross
asn2025-2-A-04,assignments-2025,assignment-2025-26-2,4,,,"Q4. For a standard normal variate, the value of the mean? a) ∞ b) 1 c) 0 d) not defined",in-scope,resolved,open,,reports/11-QUESTION-ATLAS/00-COUNT-REGISTER.md,,gross
asn2025-2-A-05,assignments-2025,assignment-2025-26-2,5,,,Q5. A mobile conversation follows an exponential distribution f (x) = (1/3)e-x/3. What is the probability that the conversation takes more than 5 minutes? a) e-5/3 b) e-15 c) 5e-15 d) e-5/3,in-scope,resolved,open,,reports/11-QUESTION-ATLAS/00-COUNT-REGISTER.md,,gross
asn2025-2-A-06,assignments-2025,assignment-2025-26-2,6,,,Q6. A random variable X has an exponential distribution with probability distribution function is given by f(x)= 3e-3x for x > 0 and 0 otherwise Find the probability that X is not less than 2. a) e-3 b) e-6 – 3 c) e-6 d) e-6 – 1,in-scope,resolved,open,,reports/11-QUESTION-ATLAS/00-COUNT-REGISTER.md,,gross
asn2025-2-A-07,assignments-2025,assignment-2025-26-2,7,,,"Q7. The salary of workers in a factory follows a binomial (180, 1/3) distribution. What will be the mean and variance of the distribution curve? a) 40, 60 b) 40, 50 c) 60, 50 d) 60, 40",in-scope,resolved,open,,reports/11-QUESTION-ATLAS/00-COUNT-REGISTER.md,,gross
asn2025-2-A-08,assignments-2025,assignment-2025-26-2,8,,,"Q8. If X has an exponential distribution with mean = 2 , then S.D. will be ………",in-scope,resolved,unsearched,,reports/11-QUESTION-ATLAS/00-COUNT-REGISTER.md,,gross
asn2025-2-A-09,assignments-2025,assignment-2025-26-2,9,,,"Q9. If X is uniformly distributed over ( 0, 5 ), the Mean and variance will be ……..",in-scope,resolved,open,,reports/11-QUESTION-ATLAS/00-COUNT-REGISTER.md,,gross
asn2025-2-A-10,assignments-2025,assignment-2025-26-2,10,,,"Q10. If X is uniformly distributed over the interval ( a, b) with mean =1 and Variance = 4/3, then the value interval will be ………",in-scope,resolved,open,,reports/11-QUESTION-ATLAS/00-COUNT-REGISTER.md,,gross
asn2025-2-A-11,assignments-2025,assignment-2025-26-2,11,,,Q11. A Normal curve has mean = 20 and S.D. = 10. If we want to find the area between x1 =15 and x2 = 40. Write the range of area in the standard normal distribution ……………… SECTION B (Concept-Based Questions),in-scope,resolved,open,,reports/11-QUESTION-ATLAS/00-COUNT-REGISTER.md,,gross
asn2025-2-A-12,assignments-2025,assignment-2025-26-2,12,,,"Q 12. The probability that a pen manufactured by a factory is defective is 1/10. If 12 such pens are manufactured, what is the probability that (i) (i) exactly 2 are defective, (ii) at least 2 are defective, (iii) none of them are defective? Ans : 0.2301, 0.341, 0.2824",in-scope,resolved,open,,reports/11-QUESTION-ATLAS/00-COUNT-REGISTER.md,,gross
asn2025-2-B-01,assignments-2025,assignment-2025-26-2,13,,,"Q13. If the probability of a bad reaction from a certain injection is 0.001, determine the chance that out of 200 individuals, more than two will get a bad reaction. Ans.: 0.32",in-scope,resolved,open,,reports/11-QUESTION-ATLAS/00-COUNT-REGISTER.md,,gross
asn2025-2-B-02,assignments-2025,assignment-2025-26-2,14,,,"Q14. A car hire -firm has two cars which it hires out on a day to day basis. The number of demands for a car is known to be Poisson distribution with mean 1.5 . Find the probability of day on which (i) There is no demand for the car and (ii) The demand is rejected. Ans : 0.2231, 0.1912",in-scope,resolved,open,,reports/11-QUESTION-ATLAS/00-COUNT-REGISTER.md,,gross
asn2025-2-B-03,assignments-2025,assignment-2025-26-2,15,,,"Q15. The marks of 1000 students in an examination follow a normal distribution with a mean 70 and a standard deviation of 5. Find the expected no. of students, whose marks will be (i)less than 69, (ii) more than 72, (iii) between 69 and 72. Ans. (i) 421 (ii) 345 (iii) 235.",in-scope,resolved,open,,reports/11-QUESTION-ATLAS/00-COUNT-REGISTER.md,,gross
asn2025-2-B-04,assignments-2025,assignment-2025-26-2,16,,,"Q16. The length of a telephone conversation has been exponentially distribution with a mean of 3 minutes. Find the probability that a call (i) ends in more than 1 minute and (ii) takes less than 3 minutes. Ans: 0.71655, 0.63212",in-scope,resolved,open,,reports/11-QUESTION-ATLAS/00-COUNT-REGISTER.md,,gross
asn2025-2-B-05,assignments-2025,assignment-2025-26-2,17,,,"Q17. In a test on 2000 electric bulbs, it was found that the life of a particular make was normally distributed with an average life of 2040 hours and SD of 60 hours. Estimate the number of bulbs likely to burn for (i) More than 2150 hours, (ii) Less than 1950 hours, (iii) More than 1920 hours but less than 2160 hours. Given A(1.5) = 0.4332, A(1.83) = 0.4664, A(2) = 0.4772. Ans.: 0.0336 ∗ 2000 = 67, 0.0918 ∗ 2000 = 184, 0.9544 ∗ 2000 = 1909",in-scope,resolved,open,,reports/11-QUESTION-ATLAS/00-COUNT-REGISTER.md,,gross
asn2025-2-B-06,assignments-2025,assignment-2025-26-2,18,,,"Q18. The mean inside diameter of a sample of 200 washers produced by a machine is 0.502 cm, and the SD is 0.005 cm. The purpose for which these washers are intended allows a maximum tolerance in diameter of 0.496 cm to 0.508 cm; otherwise, the washers are considered defective. Determine the percentage of defective washers produced by the machine, assuming the diameters are normally distributed. (Given: Ø(z=1.2)=0.3849). Ans.: defective washers produced: 23.02%",in-scope,resolved,open,,reports/11-QUESTION-ATLAS/00-COUNT-REGISTER.md,,gross
asn2025-2-B-07,assignments-2025,assignment-2025-26-2,19,,,Q19. The time (in hours) required to repair a machine is exponentially distributed with a Parameter of λ = 2. (a) What is the probability that the repair time exceeds 2 h? (b) What is the conditional probability that a repair takes at least 10 h given that its duration exceeds 9 h? Ans: (a) 0.3679 (b) 0.6065,in-scope,resolved,open,,reports/11-QUESTION-ATLAS/00-COUNT-REGISTER.md,,gross
asn2025-2-B-08,assignments-2025,assignment-2025-26-2,20,,,"Q20. If X has an exponential distribution with mean = 2, find P (X < 1 / X < 2). Ans.: 0.5679",in-scope,resolved,open,,reports/11-QUESTION-ATLAS/00-COUNT-REGISTER.md,,gross
asn2025-2-C-01,assignments-2025,assignment-2025-26-2,21,,,"Q21. If X is uniformly distributed over ( -a, a), a > 0, find a so that P (X > 1) = 1/3 (ii) 𝑃(|𝑋| < 1) = 𝑃 (|𝑋| > 1). MSV17HMFJTVMF6IE7MQ6 Ans.: (i) a = 3 (ii) a = 2 SECTION-C (Analytical Based Questions)",in-scope,resolved,open,,reports/11-QUESTION-ATLAS/00-COUNT-REGISTER.md,,gross
asn2025-2-C-02,assignments-2025,assignment-2025-26-2,22,,,"Q22. If m things are distributed among a men and b women, show that the probability 1 (𝑏+𝑎)𝑚 −(𝑏−𝑎)𝑚 that the number of things received by men is odd is 2 { }. (𝑏+𝑎)𝑚",in-scope,resolved,open,,reports/11-QUESTION-ATLAS/00-COUNT-REGISTER.md,,gross
asn2025-2-C-03,assignments-2025,assignment-2025-26-2,23,,,"Q23. If a string 1m long is cut into two pieces at a random point along its length, what is the probability that the longer piece is at least twice the length of the shorter? Ans: 1/3",in-scope,resolved,open,,reports/11-QUESTION-ATLAS/00-COUNT-REGISTER.md,,gross
asn2025-2-C-04,assignments-2025,assignment-2025-26-2,24,,,"Q24. An insurance company found that only 0.005% of the population is involved in a certain type of accident and each year. If its 2000 policyholders were randomly selected from the population, what is the probability that not more than two of its clients are involved in such an accident next year? Ans: 0.9998",in-scope,resolved,open,,reports/11-QUESTION-ATLAS/00-COUNT-REGISTER.md,,gross
asn2025-2-D-01,assignments-2025,assignment-2025-26-2,25,,,"Q25. A random variable X has uniformly distributed over ( -3, 3 ), compute (i) P (X < 2) (𝑖𝑖) 𝑃 (|𝑋|< 2) (𝑖𝑖𝑖) 𝑃 (|𝑋 − 2|< 2) , and (iv) Find K for which P ( X > K ) = 1/3 . Ans: 5/6, 2/3, 1/2, and K =1.",in-scope,resolved,open,,reports/11-QUESTION-ATLAS/00-COUNT-REGISTER.md,,gross
asn2025-2-D-02,assignments-2025,assignment-2025-26-2,26,,,"Q26. It is known that the probability of an item produced by a certain machine will be defective is 0.05. If the produced items are sent to the market is packets of 20, find the number of packets containing exactly, at least and at most 2 defective items in a consignment of 1000 packets using (i) Binomial distribution and (ii) Poisson approximation to Binomial distribution. Ans: (i) 189, 264 and 925 (ii) 184, 264 and 920",in-scope,resolved,open,,reports/11-QUESTION-ATLAS/00-COUNT-REGISTER.md,,gross
asn2025-2-D-03,assignments-2025,assignment-2025-26-2,27,,,"Q27. In a distribution exactly normal, 7% of the items are under 35 and 89% are under 63. What are the mean and standard deviation of the distribution. Ans: 50.3 and 10.33",in-scope,resolved,family,G&K-Fundamentals,reports/11-QUESTION-ATLAS/00-COUNT-REGISTER.md ; G&K-Fundamentals: items 35 89 63 what | 35 89 63 what mean | 63 what mean standard deviation | what mean standard deviation distribution,,gross
asn2025-2-D-04,assignments-2025,assignment-2025-26-2,28,,,"Q28. The average test marks in a particular class is 79. The SD is 5. If the marks are distributed normally, how many students in a class of 200 did not received marks between 75 and 82? Ans. 97",in-scope,resolved,open,,reports/11-QUESTION-ATLAS/00-COUNT-REGISTER.md,,gross
mte-M24-A1,mte,paper-mte-2024-25,1,,,"Poisson mean 0.5, Y=2X, E and Var MCQ",in-scope,resolved,CONCEPT,standard bank skeleton,reports/16-SOURCE-PROVENANCE.md#mte-block-by-block-provenance,,gross
mte-M24-A2,mte,paper-mte-2024-25,2,,,triangular pdf CDF MCQ,in-scope,resolved,FAMILY,"G&K section 8-1-5, triangular distribution",reports/16-SOURCE-PROVENANCE.md#mte-block-by-block-provenance,,gross
mte-M24-A3,mte,paper-mte-2024-25,3,,,"Chebyshev forms, pick the false ones MCQ",in-scope,resolved,CONCEPT,definitions in G&K / Devore,reports/16-SOURCE-PROVENANCE.md#mte-block-by-block-provenance,,gross
mte-M24-B1,mte,paper-mte-2024-25,4,,,"P(X=1)=P(X=2), P(Y=2)=P(Y=3), Var(X-2Y)",in-scope,resolved,VERBATIM,"G&K Poisson chapter example (""Find the variance of X - 2Y"", lambda=2, mu=3, answer 14)",reports/16-SOURCE-PROVENANCE.md#mte-block-by-block-provenance,,gross
mte-M24-B2,mte,paper-mte-2024-25,5,,,"phone speech exponential, parameter 1/4",in-scope,resolved,RESKIN,"G&K chapter 5 exercise 10, ""lady speaks on the telephone"" f(x)=Ae^(-x/5) [Shivaji Univ 1990]; mean 5 changed to 4",reports/16-SOURCE-PROVENANCE.md#mte-block-by-block-provenance,,gross
mte-M24-B3,mte,paper-mte-2024-25,6,,,"U(-1,1) Chebyshev bound versus actual",in-scope,resolved,RESKIN,"G&K exercise 15(b) with interval (-1,3), bound 1/4, exact 0; interval changed to (-1,1)",reports/16-SOURCE-PROVENANCE.md#mte-block-by-block-provenance,,gross
mte-M24-B4,mte,paper-mte-2024-25,7,,,"trains every 15 min, 4 AM, arrival 9:00-9:30",in-scope,resolved,FAMILY + CIRCULATING,"G&K subway example (uniform wait on (0,30), answer 1/3); the 4 AM form circulates on StudyX, Gauthmath, Transtutors",reports/16-SOURCE-PROVENANCE.md#mte-block-by-block-provenance,,gross
mte-M24-C1,mte,paper-mte-2024-25,8,,,"rainfall N(2.6, 34.5) four parts + binomial week; binomial mean 5/3 part",in-scope,resolved,OPEN,"not found in Devore, G&K, H&T, Davenport OCR, or GGD volume 1 OCR; verified Palaniammal and Sundarapandian texts are absent, so their contents have not been searched",reports/16-SOURCE-PROVENANCE.md#mte-block-by-block-provenance,,gross
mte-M25-Q1,mte,paper-mte-2025-26,1,,,density integral MCQ,in-scope,resolved,CONCEPT,axiom of total mass,reports/16-SOURCE-PROVENANCE.md#mte-block-by-block-provenance,,gross
mte-M25-Q2,mte,paper-mte-2025-26,2,,,Poisson mean e MCQ,in-scope,resolved,CONCEPT,substitution drill,reports/16-SOURCE-PROVENANCE.md#mte-block-by-block-provenance,,gross
mte-M25-Q3,mte,paper-mte-2025-26,3,,,sufficiency MCQ,in-scope,resolved,CONCEPT,"H&T section 6.7, sufficient statistics",reports/16-SOURCE-PROVENANCE.md#mte-block-by-block-provenance,,gross
mte-M25-Q4,mte,paper-mte-2025-26,4,,,"f = kx^3(4-x)^2, find k, mean, variance",in-scope,resolved,RESKIN + CIRCULATING,"ABES Institute sample paper Q6(b) carries the same support and density and asks for k, mean and standard deviation; the MTE changes standard deviation to variance; a Brainly repost carries the same family; originating book still open",reports/16-SOURCE-PROVENANCE.md#mte-block-by-block-provenance,,gross
mte-M25-Q5,mte,paper-mte-2025-26,5,,,"Chebyshev find c, mu=10, var=4, bound 0.04",in-scope,resolved,DECK,L10-11 Chebyshev deck Q2(iv) word for word,reports/16-SOURCE-PROVENANCE.md#mte-block-by-block-provenance,,gross
mte-M25-Q6,mte,paper-mte-2025-26,6,,,"telephone conversation, mean 3",in-scope,resolved,RESKIN + CIRCULATING,G&K chapter 5 exercise 10 re-skinned (mean 5 to 3); the same text circulates as a numbered item on StudyX,reports/16-SOURCE-PROVENANCE.md#mte-block-by-block-provenance,,gross
mte-M25-Q7,mte,paper-mte-2025-26,7,,,"machine life 7 years, 9 samples",in-scope,resolved,RESKIN,"Walpole, Myers, Myers and Ye, Probability and Statistics for Engineers and Scientists, Problem 8.25 in the 8e index and retained in 9e; a university sheet identifies page 242; the exam deletes ""bread-making"" and keeps part (a) with the same 7, 1, 9, 6.4 and 7.2 values",reports/16-SOURCE-PROVENANCE.md#mte-block-by-block-provenance,,gross
mte-M25-Q8,mte,paper-mte-2025-26,8,,,(i) typist letters (ii) t^2 biased,in-scope,resolved,MIXED,"(i) circulating (Bartleby, StudyX, Studocu Poisson notes); (ii) G&K estimation chapter exercise 6, verbatim",reports/16-SOURCE-PROVENANCE.md#mte-block-by-block-provenance,,gross
ete-E24S3-A1,ete,E24S3,1,,,"binomial mean, n=50 p=0.4",IN,resolved,unsearched,,reports/17-ETE-INTAKE.md,,gross
ete-E24S3-A2,ete,E24S3,2,,,"Chebyshev k=3, percentage within 3 sigma",IN,resolved,open,,reports/17-ETE-INTAKE.md,,gross
ete-E24S3-A3,ete,E24S3,3,,,definition of unbiased estimator,IN,resolved,open,,reports/17-ETE-INTAKE.md,,gross
ete-E24S3-A4,ete,E24S3,4,,,"testing H0 mu=1000, one-sided choice",OUT,resolved,open,,reports/17-ETE-INTAKE.md,,gross
ete-E24S3-A5,ete,E24S3,5,,,"CLT standard error, var 400 n=100",IN,resolved,open,,reports/17-ETE-INTAKE.md,,gross
ete-E24S3-B1,ete,E24S3,6,,,"Chebyshev inverse: P(-2<X<8) >= 21/25, find E(X), Var(X)",IN,resolved,open,,reports/17-ETE-INTAKE.md,,gross
ete-E24S3-B2,ete,E24S3,7,,,"pdf ax^2+bx on (0,1) with mean 0.5, find a, b",IN,resolved,open,,reports/17-ETE-INTAKE.md,,gross
ete-E24S3-B3,ete,E24S3,8,,,"bombs 1/5, six dropped, at least two and exactly two",IN,resolved,open,,reports/17-ETE-INTAKE.md,,gross
ete-E24S3-B4,ete,E24S3,9,,,"binomial 5 trials, mean+var=9/5, find pmf",IN,resolved,open,,reports/17-ETE-INTAKE.md,,gross
ete-E24S3-B5,ete,E24S3,10,,,t-test on blood sugar data,OUT,resolved,strong,G&K-Fundamentals,reports/17-ETE-INTAKE.md ; G&K-Fundamentals: 70 120 110 101 88 | 120 110 101 88 83 | 110 101 88 83 95 | means single observed what sizes,,gross
ete-E24S3-B6,ete,E24S3,11,,,inoculation chi-square table,OUT,resolved,unsearched,,reports/17-ETE-INTAKE.md,,gross
ete-E24S3-C1,ete,E24S3,12,,,(a) type I/II errors (b) MLE of Poisson,OUT,resolved,open,,reports/17-ETE-INTAKE.md,,gross
ete-E24S3-C2,ete,E24S3,13,,,"(a) t-test chickens (b) Y, Z, T unbiased, best estimator","PARTIAL, part b fine",resolved,open,,reports/17-ETE-INTAKE.md,,gross
ete-E24S3-D1,ete,E24S3,14,,,"(a) pdf kx^2(1-x^3) find k, mean, variance (b) normal, 2000 students over 60",IN,resolved,open,,reports/17-ETE-INTAKE.md,,gross
ete-E24S3-D2,ete,E24S3,15,,,"one-way ANOVA, rats food groups",OUT,resolved,open,,reports/17-ETE-INTAKE.md,,gross
ete-E25S3-A1,ete,E25S3,1,,,E[2X+3] with E[X]=5,IN,resolved,unsearched,,reports/17-ETE-INTAKE.md,,gross
ete-E25S3-A2,ete,E25S3,2,,,condition for unbiasedness,IN,resolved,open,,reports/17-ETE-INTAKE.md,,gross
ete-E25S3-A3,ete,E25S3,3,,,"binomial(180, 1/3) mean and variance",IN,resolved,open,,reports/17-ETE-INTAKE.md,,gross
ete-E25S3-A4,ete,E25S3,4,,,type II error definition,OUT,resolved,open,,reports/17-ETE-INTAKE.md,,gross
ete-E25S3-A5,ete,E25S3,5,,,standard normal mean,IN,resolved,open,,reports/17-ETE-INTAKE.md,,gross
ete-E25S3-B1,ete,E25S3,6,,,"Chebyshev mu=10 var=4: P(5<X<15), P(|X-10|>=3)",IN,resolved,open,,reports/17-ETE-INTAKE.md,,gross
ete-E25S3-B2,ete,E25S3,7,,,"pens defective 1/10, 12 pens, exactly 2 / at least 2 / none",IN,resolved,open,,reports/17-ETE-INTAKE.md,,gross
ete-E25S3-B3,ete,E25S3,8,,,"pmf table -3, 6, 9: E(X), E(X^2), E((2X+1)^2)",IN,resolved,open,,reports/17-ETE-INTAKE.md,,gross
ete-E25S3-B4,ete,E25S3,9,,,Bayes estimator of Poisson theta,OUT,resolved,open,,reports/17-ETE-INTAKE.md,,gross
ete-E25S3-B5,ete,E25S3,10,,,"population 2,4,6,8: sample mean unbiased",IN,resolved,open,,reports/17-ETE-INTAKE.md,,gross
ete-E25S3-C1,ete,E25S3,11,,,"(a) 95% CI, 81 families (b) subway trains wait at least 20 min","PARTIAL, part b fine, part a BOUNDARY",resolved,open,,reports/17-ETE-INTAKE.md,,gross
ete-E25S3-C2,ete,E25S3,12,,,MLE of Poisson,OUT,resolved,open,,reports/17-ETE-INTAKE.md,,gross
ete-E25S3-D1,ete,E25S3,13,,,"chi-square, hair and eye colour",OUT,resolved,open,,reports/17-ETE-INTAKE.md,,gross
ete-E25S3-D2,ete,E25S3,14,,,"ANOVA, blood pressure techniques",OUT,resolved,open,,reports/17-ETE-INTAKE.md,,gross
ete-E24S4-A1,ete,E24S4,1,,,unbiased estimator definition,IN,resolved,open,,reports/17-ETE-INTAKE.md,,gross
ete-E24S4-A2,ete,E24S4,2,,,type I error definition,OUT,resolved,open,,reports/17-ETE-INTAKE.md,,gross
ete-E24S4-A3,ete,E24S4,3,,,P(exact value)=0 for continuous rv,IN,resolved,open,,reports/17-ETE-INTAKE.md,,gross
ete-E24S4-A4,ete,E24S4,4,,,exponential pdf identification,IN,resolved,unsearched,,reports/17-ETE-INTAKE.md,,gross
ete-E24S4-A5,ete,E24S4,5,,,standard normal mean and variance,IN,resolved,open,,reports/17-ETE-INTAKE.md,,gross
ete-E24S4-B1,ete,E24S4,6,,,"Bayes estimator of theta, exponential likelihood",OUT,resolved,open,,reports/17-ETE-INTAKE.md,,gross
ete-E24S4-B2,ete,E24S4,7,,,"sufficient estimators, exponential population",IN,resolved,open,,reports/17-ETE-INTAKE.md,,gross
ete-E24S4-B3,ete,E24S4,8,,,"Chebyshev inverse: P(4<X<16) >= 24/25, find E(X), Var(X)",IN,resolved,open,,reports/17-ETE-INTAKE.md,,gross
ete-E24S4-B4,ete,E24S4,9,,,"normal inverse: 31% under 45, 8% over 64, find mean, sd",IN,resolved,open,,reports/17-ETE-INTAKE.md,,gross
ete-E24S4-B5,ete,E24S4,10,,,"two dice: pmf table, distribution function",IN,resolved,open,,reports/17-ETE-INTAKE.md,,gross
ete-E24S4-C1,ete,E24S4,11,,,"(a) t CI, tensile strength (b) repair time exponential lambda=1/3","PARTIAL, part b fine",resolved,open,,reports/17-ETE-INTAKE.md,,gross
ete-E24S4-C2,ete,E24S4,12,,,MLE for normal mu and sigma^2,OUT,resolved,open,,reports/17-ETE-INTAKE.md,,gross
ete-E24S4-D1,ete,E24S4,13,,,"chi-square, packaging machines",OUT,resolved,open,,reports/17-ETE-INTAKE.md,,gross
ete-E24S4-D2,ete,E24S4,14,,,"ANOVA, database query times",OUT,resolved,open,,reports/17-ETE-INTAKE.md,,gross
ete-E25S4-A1,ete,E25S4,1,,,random variable definition,IN,resolved,open,,reports/17-ETE-INTAKE.md,,gross
ete-E25S4-A2,ete,E25S4,2,,,CDF non-decreasing,IN,resolved,open,,reports/17-ETE-INTAKE.md,,gross
ete-E25S4-A3,ete,E25S4,3,,,Chebyshev purpose (bounding),IN,resolved,open,,reports/17-ETE-INTAKE.md,,gross
ete-E25S4-A4,ete,E25S4,4,,,"N(0,1) properties",IN,resolved,open,,reports/17-ETE-INTAKE.md,,gross
ete-E25S4-A5,ete,E25S4,5,,,"exponential use, waiting time",IN,resolved,open,,reports/17-ETE-INTAKE.md,,gross
ete-E25S4-A6,ete,E25S4,6,,,uniform mean (a+b)/2,IN,resolved,open,,reports/17-ETE-INTAKE.md,,gross
ete-E25S4-A7,ete,E25S4,7,,,t-test small sample,OUT,resolved,open,,reports/17-ETE-INTAKE.md,,gross
ete-E25S4-A8,ete,E25S4,8,,,level of significance,OUT,resolved,open,,reports/17-ETE-INTAKE.md,,gross
ete-E25S4-A9,ete,E25S4,9,,,critical region,OUT,resolved,strong,G&K-Fundamentals,reports/17-ETE-INTAKE.md ; G&K-Fundamentals: random variable following probability function | random sample size taken population | 65 66 69 69 70 | hours standard deviation 200 hours,,gross
ete-E25S4-A10,ete,E25S4,10,,,F-test compares variances,OUT,resolved,unsearched,,reports/17-ETE-INTAKE.md,,gross
ete-E25S4-B1,ete,E25S4,11,,,"pmf table with k, P(X<6), distribution function, min a",IN,resolved,open,,reports/17-ETE-INTAKE.md,,gross
ete-E25S4-B2,ete,E25S4,12,,,sample mean sufficient for Poisson lambda,IN,resolved,open,,reports/17-ETE-INTAKE.md,,gross
ete-E25S4-B3,ete,E25S4,13,,,"T1, T2 unbiased, efficiency comparison",IN,resolved,open,,reports/17-ETE-INTAKE.md,,gross
ete-E25S4-B4,ete,E25S4,14,,,"method of moments for normal mu, sigma^2",OUT,resolved,open,,reports/17-ETE-INTAKE.md,,gross
ete-E25S4-B5,ete,E25S4,15,,,"95% CI, t table, leaf weights",BOUNDARY,resolved,open,,reports/17-ETE-INTAKE.md,,gross
ete-E25S4-B6,ete,E25S4,16,,,"chi-square, gender and colour",OUT,resolved,unsearched,,reports/17-ETE-INTAKE.md,,gross
ete-E25S4-C1,ete,E25S4,17,,,"10,000 lamps, normal life, first 800 hours and 800-1200",IN,resolved,open,,reports/17-ETE-INTAKE.md,,gross
ete-E25S4-C2,ete,E25S4,18,,,"t-test, two medicine groups",OUT,resolved,unsearched,,reports/17-ETE-INTAKE.md,,gross
ete-E25S4-D1,ete,E25S4,19,,,"ANOVA, household income, three areas",OUT,resolved,open,,reports/17-ETE-INTAKE.md,,gross
ete-E25SUM-Q1,ete,E25SUM,1,,,random variable definition,IN,resolved,open,,reports/17-ETE-INTAKE.md,,gross
ete-E25SUM-Q2,ete,E25SUM,2,,,what a confidence interval provides,BOUNDARY,resolved,open,,reports/17-ETE-INTAKE.md,,gross
ete-E25SUM-Q3,ete,E25SUM,3,,,binomial mean np,IN,resolved,open,,reports/17-ETE-INTAKE.md,,gross
ete-E25SUM-Q4,ete,E25SUM,4,,,what MLE maximizes,OUT,resolved,open,,reports/17-ETE-INTAKE.md,,gross
ete-E25SUM-Q5,ete,E25SUM,5,,,type II error,OUT,resolved,open,,reports/17-ETE-INTAKE.md,,gross
ete-E25SUM-Q6,ete,E25SUM,6,,,one-way ANOVA test statistic,OUT,resolved,open,,reports/17-ETE-INTAKE.md,,gross
ete-E25SUM-Q7,ete,E25SUM,7,,,F-test purpose,OUT,resolved,open,,reports/17-ETE-INTAKE.md,,gross
ete-E25SUM-Q8,ete,E25SUM,8,,,variance non-negative,IN,resolved,open,,reports/17-ETE-INTAKE.md,,gross
ete-E25SUM-Q9,ete,E25SUM,9,,,CLT applicability,IN,resolved,open,,reports/17-ETE-INTAKE.md,,gross
ete-E25SUM-Q10,ete,E25SUM,10,,,sampling distribution approaches normal,IN,resolved,open,,reports/17-ETE-INTAKE.md,,gross
ete-E25SUM-Q11,ete,E25SUM,11,,,"MLE, exponential lambda",OUT,resolved,open,,reports/17-ETE-INTAKE.md,,gross
ete-E25SUM-Q12,ete,E25SUM,12,,,"pmf table, find k, P(1.5<X<3.5)",IN,resolved,open,,reports/17-ETE-INTAKE.md,,gross
ete-E25SUM-Q13,ete,E25SUM,13,,,"800 families, 4 children, binomial counts",IN,resolved,open,,reports/17-ETE-INTAKE.md,,gross
ete-E25SUM-Q14,ete,E25SUM,14,,,"joint pmf K(2x+3y), value of K, marginal of X",IN,resolved,open,,reports/17-ETE-INTAKE.md,,gross
ete-E25SUM-Q15,ete,E25SUM,15,,,"pmf -3, 6, 9: E(X), E(X^2), E((2X+1)^2)",IN,resolved,open,,reports/17-ETE-INTAKE.md,,gross
ete-E25SUM-Q16,ete,E25SUM,16,,,"t-test, phone call length",OUT,resolved,open,,reports/17-ETE-INTAKE.md,,gross
ete-E25SUM-Q17,ete,E25SUM,17,,,"Poisson, defective bottles 0.1%, 500 per box, 100 boxes",IN,resolved,open,,reports/17-ETE-INTAKE.md,,gross
ete-E25SUM-Q18,ete,E25SUM,18,,,"F-test, hotel room rates",OUT,resolved,open,,reports/17-ETE-INTAKE.md,,gross
ete-R25S3-A1,ete,R25S3,1,,,independence: E[XY]=E[X]E[Y],IN,resolved,open,,reports/17-ETE-INTAKE.md,,gross
ete-R25S3-A2,ete,R25S3,2,,,consistency of Tn (bias and variance to 0),IN,resolved,open,,reports/17-ETE-INTAKE.md,,gross
ete-R25S3-A3,ete,R25S3,3,,,"sample size up, standard error down",IN,resolved,open,,reports/17-ETE-INTAKE.md,,gross
ete-R25S3-B1,ete,R25S3,4,,,"independent exponential shelf lives, joint probability",IN,resolved,open,,reports/17-ETE-INTAKE.md,,gross
ete-R25S3-B2,ete,R25S3,5,,,"Poisson demand, car hire firm, mean 1.5",IN,resolved,open,,reports/17-ETE-INTAKE.md,,gross
ete-R25S3-B3,ete,R25S3,6,,,"t-test and confidence limits, part weights",OUT,resolved,open,,reports/17-ETE-INTAKE.md,,gross
ete-R25S3-B4,ete,R25S3,7,,,"MLE of alpha, show biased",OUT,resolved,open,,reports/17-ETE-INTAKE.md,,gross
ete-R25S3-C1,ete,R25S3,8,,,"F-test, two populations variance",OUT,resolved,family,G&K-Fundamentals,reports/17-ETE-INTAKE.md ; G&K-Fundamentals: two random samples drawn two | random samples drawn two normal | samples drawn two normal populations,,gross
ete-R25S4-A1,ete,R25S4,1,,,discrete rv definition,IN,resolved,open,,reports/17-ETE-INTAKE.md,,gross
ete-R25S4-A2,ete,R25S4,2,,,which distribution has mean equal to variance (Poisson),IN,resolved,open,,reports/17-ETE-INTAKE.md,,gross
ete-R25S4-A3,ete,R25S4,3,,,consistency definition,IN,resolved,open,,reports/17-ETE-INTAKE.md,,gross
ete-R25S4-A4,ete,R25S4,4,,,type I error true/false,OUT,resolved,open,,reports/17-ETE-INTAKE.md,,gross
ete-R25S4-B1,ete,R25S4,5,,,"heights normal, over 6 feet, expected count",IN,resolved,open,,reports/17-ETE-INTAKE.md,,gross
ete-R25S4-B2,ete,R25S4,6,,,"literate 20%, binomial, investigators reporting 3 or less",IN,resolved,open,,reports/17-ETE-INTAKE.md,,gross
ete-R25S4-B3,ete,R25S4,7,,,"bulb life, claim test (t)",OUT,resolved,open,,reports/17-ETE-INTAKE.md,,gross
ete-R25S4-B4,ete,R25S4,8,,,"95% CI, accidents per crossing",BOUNDARY,resolved,open,,reports/17-ETE-INTAKE.md,,gross
ete-R25S4-C1,ete,R25S4,9,,,"f(x)=6x(1-x): k with P(X<k)=P(X>k), CDF",IN,resolved,family,G&K-Fundamentals,reports/17-ETE-INTAKE.md ; G&K-Fundamentals: diameter electric cable say assumed | electric cable say assumed continuous | cable say assumed continuous random | say assumed continuous random variable,,gross
asn2024-1-Q01,assignments-2024,assignment-2024-25-1,1,,,"Q1. (a) Define random variable. (b) If two random variables 𝑋 and 𝑌 are independent, then …….. (c) Write the statement of Chebyschev’s inequality. (d) Define distribution function. MSV14KHW4HVFM4UNMCA7 (e) Is the function defined as follows a density function? 𝑒 −𝑥 , 𝑥 ≥ 0 𝑓(𝑥) = { 0, 𝑥 < 0 (f) A discrete random variable can take ………… number of values with in its range (g) The range of distribution function is …….. (h) If X and Y are two random variables such that their expectation exist and 𝑃(𝑥",pending,resolved,open,,reports/18-CORPUS-ACCOUNTING.md,,gross
asn2024-1-Q02,assignments-2024,assignment-2024-25-1,2,,,"Q2. Two dice are dice are rolled. Let 𝑋 denote the random variable which counts the total number of points on the upturned faces, construct a table giving the non-zero values of the probability mass function and draw the probability chart. Also find the distribution function of 𝑋.",pending,resolved,open,,reports/18-CORPUS-ACCOUNTING.md,,gross
asn2024-1-Q03,assignments-2024,assignment-2024-25-1,3,,,"Q3. A diameter of an electric cable, say 𝑋, is assumed to be a continuous random variable with p.d.f. : 𝑓(𝑥) = 6𝑥(1 − 𝑥), 0 ≤ 𝑥 ≤ 1. Check that 𝑓(𝑥) is p.d.f., and (ii) determine a number 𝑏 such that 𝑃(𝑋 < 𝑏) = 𝑃(𝑋 > 1 1 2 𝑏). (iii) Obtain expression for the c.d.f. of 𝑋. (iv) Compute 𝑃 (𝑋 ≤ 2 | 3 ≤ 𝑋 ≤ 3).",pending,resolved,family,G&K-Fundamentals,reports/18-CORPUS-ACCOUNTING.md ; G&K-Fundamentals: diameter electric cable say assumed | electric cable say assumed continuous | cable say assumed continuous random | say assumed continuous random variable,,gross
asn2024-1-Q04,assignments-2024,assignment-2024-25-1,4,,,"Q4. Let 𝑋 be a random variable with the following probability distribution : x -3 6 9 𝑃(𝑋 = 𝑥) 1/6 1/2 1/3 Find 𝐸(𝑋) and 𝐸(𝑋 ) and using the laws of expectation, evaluate 𝐸(2𝑋 + 1)2 . 2",pending,resolved,open,,reports/18-CORPUS-ACCOUNTING.md,,gross
asn2024-1-Q05,assignments-2024,assignment-2024-25-1,5,,,"Q5. If the Chebyshev’s inequality for the random variable X is given by 𝑃(−2 < 𝑋 < 21 8) ≥ 25, find 𝐸(𝑋) and 𝑉𝑎𝑟|𝑋|. SECTION-C (Analytical Based Questions)",pending,resolved,open,,reports/18-CORPUS-ACCOUNTING.md,,gross
asn2024-1-Q06,assignments-2024,assignment-2024-25-1,6,,,"Q6. A random variable 𝑋 has the following probability function: Values of X, 1 2 3 4 5 6 7 x: P(x) 0 k 2k 2k 3k K2 7k2+k (i) Find k, (ii) Evaluate 𝑃(𝑋 < 6), 𝑃(𝑋 ≥ 6), and 𝑃(0 < 𝑋 < 5) (iii) 1 determine the distribution function of 𝑋 (iv) if 𝑃(𝑋 ≤ 𝑎) > 2, find the minimum value of 𝑎.",pending,resolved,open,,reports/18-CORPUS-ACCOUNTING.md,,gross
asn2024-1-Q07,assignments-2024,assignment-2024-25-1,7,,,"Q7. A random number 𝑋 is distributed at random between the values 0 and 1 so that its probability density function is 𝑓(𝑥) = 𝑘𝑥 2 (1 − 𝑥 3 ), where k is a constant. Find the value of k. Using this value of k, find its mean and variance.",pending,resolved,open,,reports/18-CORPUS-ACCOUNTING.md,,gross
asn2024-1-Q08,assignments-2024,assignment-2024-25-1,8,,,"Q8. If 𝑡 is any positive real number, show that the function defined by 𝑝(𝑥) = 𝑒 −𝑡 (1 − 𝑒 −𝑡 )𝑥−1 can represent a probability function of a random variable 𝑋 assuming the values 1, 2, 3, …. Find the 𝐸(𝑋) and 𝑣𝑎𝑟(𝑋) of the distribution.",pending,resolved,strong,G&K-Fundamentals,reports/18-CORPUS-ACCOUNTING.md ; G&K-Fundamentals: positive real show function defined | real show function defined represent | show function defined represent probability | function defined represent probability function,,gross
asn2024-1-Q09,assignments-2024,assignment-2024-25-1,9,,,"Q9. If X and Y are independent random variables with mean 2, 3 and variance 1, 2 respectively. Find the the mean and variance of the random variable 𝑍 = 2𝑋 − 5𝑌.",pending,resolved,open,,reports/18-CORPUS-ACCOUNTING.md,,gross
asn2024-1-Q10,assignments-2024,assignment-2024-25-1,10,,,Q10. A symmetric die is thrown 600 times. Find the lower bound for the probability of getting 80 to 120 sixes. SECTION-D (Application based Question),pending,resolved,open,,reports/18-CORPUS-ACCOUNTING.md,,gross
asn2024-1-Q11,assignments-2024,assignment-2024-25-1,11,,,"Q11. The distribution function of continuous random variable X given by 0, 𝑥<0 𝑥 , 0≤𝑥<1 2 1 𝐹(𝑥) = , 1≤𝑥<2 2 𝑥 , 2≤𝑥<4 4 { 1, 𝑥≥4 Find probability density function of X.",pending,resolved,open,,reports/18-CORPUS-ACCOUNTING.md,,gross
asn2024-1-Q12,assignments-2024,assignment-2024-25-1,12,,,"Q12. Suppose that the life in hours of a certain part of radio tube is a continuous random variable 𝑋 with p.d.f. given by 100 MSV14KHW4HVFM4UNMCA7 𝑓(𝑥) = { 𝑥 2 , 𝑤ℎ𝑒𝑛 𝑥 ≥ 100 0, 𝑒𝑙𝑠𝑒𝑤ℎ𝑒𝑟𝑒 (i) What is the probability that all of three such tubes in a given radio set will have to be replaced during the first 150 hours of operation? (ii) What is probability that none of three of the original tubes will have to be replaced during that first 150 hours of operation? (iii) What is probability that a t",pending,resolved,family,G&K-Fundamentals,reports/18-CORPUS-ACCOUNTING.md ; G&K-Fundamentals: three tubes radio set replaced | tubes radio set replaced during | three original tubes replaced during,,gross
asn2024-1-Q13,assignments-2024,assignment-2024-25-1,13,,,"Q13. For geometric distribution 𝑝(𝑥) = 2𝑥 ; 𝑥 = 1, 2, 3 …, prove that chebyschev’s 1 15 inequality gives 𝑃{|𝑋 − 2| ≤ 2} > 2, while the actual probability is 16.",pending,resolved,open,,reports/18-CORPUS-ACCOUNTING.md,,gross
asn2024-1-Q14,assignments-2024,assignment-2024-25-1,14,,,"Q15. A man with n keys wants to open his door and tries the keys independently and at random. Find the mean and variance of the number of trials required to open the door, (i) if unsuccessful keys are not eliminated from further selection, and (ii) if they are.",pending,resolved,verbatim,G&K-Fundamentals,reports/18-CORPUS-ACCOUNTING.md ; G&K-Fundamentals: open his door tries keys | his door tries keys independently | door tries keys independently random | tries keys independently random mean,,gross
asn2024-1-Q15,assignments-2024,assignment-2024-25-1,15,,,"Q16. Let 𝑌 = 𝑋 2 + 2𝑋, where 𝑋 is a random variable whose probability distribution is given as: 𝑥 x 1 2 3 4 P(x) 0.1 0.2 0.5 0.1 Then find probability distribution, CDF, mean, and variance of 𝑌.",pending,resolved,open,,reports/18-CORPUS-ACCOUNTING.md,,gross
asn2024-2-Q01,assignments-2024,assignment-2024-25-2,1,,,"1. (i) If n = 5, p = 20 then what will be the mean and variance of Binomial distribution. (ii) The mean and variance of Binomial distribution are 4 and 4/3 respectively. Find P (X ≥ 1). (Ans. 0.99863) (iii) Comment on the following statement: “The mean o f a Binomial distribution i s 5 and the standard deviation is 3”. (iv) If X is a Poisson variate such that P (X = 2) = 9P (X = 4) + 90P (X = 6). find the mean and variance of X. (Ans.: Mean = variance = 1) (v) If n = 4 and p = 25 then the mean a",pending,resolved,open,,reports/18-CORPUS-ACCOUNTING.md,,gross
asn2024-2-Q02,assignments-2024,assignment-2024-25-2,2,,,"2. Out of 800 families with 4 children each, how many families would be expected to have (i) 2 boys and 2 girls (ii) at least one boy (iii) no girl (iv) at most two girls? (Ans. 300, 750, 50, 550)",pending,resolved,open,,reports/18-CORPUS-ACCOUNTING.md,,gross
asn2024-2-Q03,assignments-2024,assignment-2024-25-2,3,,,3. Twenty percent screw produced in a certain factory turn out to be defective. Find the probability that in a sample of 15 screws chosen at random exactly four will be defective.,pending,resolved,open,,reports/18-CORPUS-ACCOUNTING.md,,gross
asn2024-2-Q04,assignments-2024,assignment-2024-25-2,4,,,"4. The probability that a bomb dropped from a plane will strike the target is 1/5. If six bombs are dropped, find the probability that at least two will strike the target and exactly two will strike the target. (Ans. 0.34464, 0.24576)",pending,resolved,open,,reports/18-CORPUS-ACCOUNTING.md,,gross
asn2024-2-Q05,assignments-2024,assignment-2024-25-2,5,,,"5. In a book of 520 pages, 390 typo-graphical errors occur. Assuming Poisson law for the number of errors per page, find the probability that a random sample of 5 pages will contain no error. (Ans. e−3.75)",pending,resolved,strong,G&K-Fundamentals,reports/18-CORPUS-ACCOUNTING.md ; G&K-Fundamentals: book 520 pages 390 typo | 520 pages 390 typo graphical | pages 390 typo graphical errors | 390 typo graphical errors occur,,gross
asn2024-2-Q06,assignments-2024,assignment-2024-25-2,6,,,"6. Six coins are tossed 6400 times. Using the Poisson distribution, find the approximate probability of getting 6 heads 2 times. (Ans. e−1005000)",pending,resolved,open,,reports/18-CORPUS-ACCOUNTING.md,,gross
asn2024-2-Q07,assignments-2024,assignment-2024-25-2,7,,,"7. A box contains 100 cellphones, 20 of which are defective. Ten cellphones have been selected for inspection. Find the probability that (i) at least one is defective (ii) at the most three are defective (iii) all are defective (iv) none is defective.",pending,resolved,open,,reports/18-CORPUS-ACCOUNTING.md,,gross
asn2024-2-Q08,assignments-2024,assignment-2024-25-2,8,,,"8. In a certain examination 2000 students appeared. The average marks obtained were 50% and standard deviation was 5%. How Many students do you expect to obtain more than 60 marks, assuming the marks to be distributed normally.? (Ans. 46 marks)",pending,resolved,open,,reports/18-CORPUS-ACCOUNTING.md,,gross
asn2024-2-Q09,assignments-2024,assignment-2024-25-2,9,,,9. Subway trains on a certain line run every half hour between midnight and six in the morning. What is the probability that a man entering the station at random time during this period will have to wait at least twenty minutes? (Ans. 1/3),pending,resolved,open,,reports/18-CORPUS-ACCOUNTING.md,,gross
asn2024-2-Q10,assignments-2024,assignment-2024-25-2,10,,,10. A random sample of size 100 is taken from an infinite population having mean 76 and variance 256. What is the probability that sample mean will be between 75 and 78? (Ans. 0.6311),pending,resolved,open,,reports/18-CORPUS-ACCOUNTING.md,,gross
asn2024-2-Q11,assignments-2024,assignment-2024-25-2,11,,,"11. A car hire firm has two cars, which it hires out day by day. The number of demands for a car on each day distributed as a Poisson distribution with mean 1.5, calculate the proportion of days on which (i) neither car is used, and (ii) the proportion of days on which some demand refuses.",pending,resolved,strong,G&K-Fundamentals,reports/18-CORPUS-ACCOUNTING.md ; G&K-Fundamentals: mean calculate proportion days which | calculate proportion days which neither | proportion days which neither car | days which neither car used,,gross
asn2024-2-Q12,assignments-2024,assignment-2024-25-2,12,,,"12. TAssume mean height of soldiers to be 68.22 inches with a variance of 10.8 inches square. How many soldiers in a regiment of 1000 would you expect to be over 6 feet tall, given h that the area under the standard normal curve between x = 0 and x = 0.35 is 0.1368 and e between x = 0 and x = 1.15 is 0.3746. (Ans. 125(approx.))",pending,resolved,open,,reports/18-CORPUS-ACCOUNTING.md,,gross
asn2024-2-Q13,assignments-2024,assignment-2024-25-2,13,,,"13. If X is Uniformly distributed in [-2, 2], find (i) P (X< 0) (ii) P[|X-1|≥ ½] (Ans. ½, ¾)",pending,resolved,open,,reports/18-CORPUS-ACCOUNTING.md,,gross
asn2024-2-Q14,assignments-2024,assignment-2024-25-2,14,,,"14. The time (in hours) required to repair a machine is exponentially distributed with parameter 𝜆 = 1/3. What is the probability that the repair time exceeds 3 hours? (Ans, 0.3679))",pending,resolved,open,,reports/18-CORPUS-ACCOUNTING.md,,gross
asn2024-2-Q15,assignments-2024,assignment-2024-25-2,15,,,15. The life length (in months) X of an electric component follows an exponentially 1 distribution with parameter 𝜆 = 2 . What is the probability that the component survives at least 10 months given that already it had survived for more than 9 months? (Ans. 0.6065),pending,resolved,open,,reports/18-CORPUS-ACCOUNTING.md,,gross
asn2024-2-Q16,assignments-2024,assignment-2024-25-2,16,,,"16. A random sample of size 100 is taken from a population whose mean is 60 and variance is 400. Using CLT, with what probability can we assent that the mean of the sample will not differ from µ = 60 by more than 4?",pending,resolved,open,,reports/18-CORPUS-ACCOUNTING.md,,gross
asn2024-2-Q17,assignments-2024,assignment-2024-25-2,17,,,"17. In a normal distribution, 31% of items are under 45 and 8% are over 64. What is the mean and standard deviation of the distribution? (Given that ϕ(1.41) = 0.42, ϕ(0.19) = 0.50) (Ans. mean = 50, S.D. = 10 )",pending,resolved,open,,reports/18-CORPUS-ACCOUNTING.md,,gross
asn2024-2-Q18,assignments-2024,assignment-2024-25-2,18,,,"18. A coin is tossed 12 times. Find the probability, both exactly and by fitting a normal distribution of getting (a) 4 heads (b) at most 4 heads. (Given that ϕ(1.44) = 0.4251, ϕ(0.866) = 0.051) (Ans (a) 0.12, (b) 0.1949)",pending,resolved,open,,reports/18-CORPUS-ACCOUNTING.md,,gross
asn2024-2-Q19,assignments-2024,assignment-2024-25-2,19,,,"19. The number of personal computers (PCs) sold daily at Computer World is Uniformly distributed with a minimum of 2000 PCs and a maximum of 5000 PCs. (i) Find the probability that the daily sales will fall between 2500 and 3000 PCs. (ii) What is the probability that Compu World will sell at least 4000 PCs and exactly 2500 PCs? (Ans. 0.1667, 0.3333, 0)",pending,resolved,open,,reports/18-CORPUS-ACCOUNTING.md,,gross
asn2024-2-Q20,assignments-2024,assignment-2024-25-2,20,,,"20. The length of a time a person speaks over phone follows exponential distributions with mean 6. What is the probability that the person will talk for (i) more than 8 minutes (ii) between 4 and 8 minutes? (Ans. 0.2636, 0.2498)",pending,resolved,open,,reports/18-CORPUS-ACCOUNTING.md,,gross
asn2024-3-Q01,assignments-2024,assignment-2024-25-3,1,,,,OUT,pending,unsearched,,reports/18-CORPUS-ACCOUNTING.md,,gross
asn2024-3-Q02,assignments-2024,assignment-2024-25-3,2,,,,OUT,pending,unsearched,,reports/18-CORPUS-ACCOUNTING.md,,gross
asn2024-3-Q03,assignments-2024,assignment-2024-25-3,3,,,,OUT,pending,unsearched,,reports/18-CORPUS-ACCOUNTING.md,,gross
asn2024-3-Q04,assignments-2024,assignment-2024-25-3,4,,,,OUT,pending,unsearched,,reports/18-CORPUS-ACCOUNTING.md,,gross
asn2024-3-Q05,assignments-2024,assignment-2024-25-3,5,,,,OUT,pending,unsearched,,reports/18-CORPUS-ACCOUNTING.md,,gross
asn2024-3-Q06,assignments-2024,assignment-2024-25-3,6,,,,OUT,pending,unsearched,,reports/18-CORPUS-ACCOUNTING.md,,gross
asn2024-3-Q07,assignments-2024,assignment-2024-25-3,7,,,,OUT,pending,unsearched,,reports/18-CORPUS-ACCOUNTING.md,,gross
asn2024-3-Q08,assignments-2024,assignment-2024-25-3,8,,,,OUT,pending,unsearched,,reports/18-CORPUS-ACCOUNTING.md,,gross
asn2024-3-Q09,assignments-2024,assignment-2024-25-3,9,,,,OUT,pending,unsearched,,reports/18-CORPUS-ACCOUNTING.md,,gross
asn2024-3-Q10,assignments-2024,assignment-2024-25-3,10,,,,OUT,pending,unsearched,,reports/18-CORPUS-ACCOUNTING.md,,gross
asn2024-3-Q11,assignments-2024,assignment-2024-25-3,11,,,,OUT,pending,unsearched,,reports/18-CORPUS-ACCOUNTING.md,,gross
asn2024-3-Q12,assignments-2024,assignment-2024-25-3,12,,,,OUT,pending,unsearched,,reports/18-CORPUS-ACCOUNTING.md,,gross
asn2024-3-Q13,assignments-2024,assignment-2024-25-3,13,,,,OUT,pending,unsearched,,reports/18-CORPUS-ACCOUNTING.md,,gross
asn2024-3-Q14,assignments-2024,assignment-2024-25-3,14,,,,OUT,pending,unsearched,,reports/18-CORPUS-ACCOUNTING.md,,gross
asn2024-3-Q15,assignments-2024,assignment-2024-25-3,15,,,,OUT,pending,unsearched,,reports/18-CORPUS-ACCOUNTING.md,,gross
asn2024-3-Q16,assignments-2024,assignment-2024-25-3,16,,,,OUT,pending,unsearched,,reports/18-CORPUS-ACCOUNTING.md,,gross
asn2024-3-Q17,assignments-2024,assignment-2024-25-3,17,,,,OUT,pending,unsearched,,reports/18-CORPUS-ACCOUNTING.md,,gross
asn2024-3-Q18,assignments-2024,assignment-2024-25-3,18,,,,OUT,pending,unsearched,,reports/18-CORPUS-ACCOUNTING.md,,gross
asn2024-3-Q19,assignments-2024,assignment-2024-25-3,19,,,,OUT,pending,unsearched,,reports/18-CORPUS-ACCOUNTING.md,,gross
asn2024-3-Q20,assignments-2024,assignment-2024-25-3,20,,,,OUT,pending,unsearched,,reports/18-CORPUS-ACCOUNTING.md,,gross
asn2024-3-Q21,assignments-2024,assignment-2024-25-3,21,,,,OUT,pending,unsearched,,reports/18-CORPUS-ACCOUNTING.md,,gross
asn2024-3-Q22,assignments-2024,assignment-2024-25-3,22,,,,OUT,pending,unsearched,,reports/18-CORPUS-ACCOUNTING.md,,gross
asn2024-3-Q23,assignments-2024,assignment-2024-25-3,23,,,,OUT,pending,unsearched,,reports/18-CORPUS-ACCOUNTING.md,,gross
asn2024-3-Q24,assignments-2024,assignment-2024-25-3,24,,,,OUT,pending,unsearched,,reports/18-CORPUS-ACCOUNTING.md,,gross
asn2024-3-Q25,assignments-2024,assignment-2024-25-3,25,,,,OUT,pending,unsearched,,reports/18-CORPUS-ACCOUNTING.md,,gross
asn2024-ep2-Q01,assignments-2024,assignment-2024-25-3-ep2,1,,,,OUT,pending,unsearched,,reports/18-CORPUS-ACCOUNTING.md,,gross
asn2024-ep2-Q02,assignments-2024,assignment-2024-25-3-ep2,2,,,,OUT,pending,unsearched,,reports/18-CORPUS-ACCOUNTING.md,,gross
asn2024-ep2-Q03,assignments-2024,assignment-2024-25-3-ep2,3,,,,OUT,pending,unsearched,,reports/18-CORPUS-ACCOUNTING.md,,gross
asn2024-ep2-Q04,assignments-2024,assignment-2024-25-3-ep2,4,,,,OUT,pending,unsearched,,reports/18-CORPUS-ACCOUNTING.md,,gross
asn2024-ep2-Q05,assignments-2024,assignment-2024-25-3-ep2,5,,,,OUT,pending,unsearched,,reports/18-CORPUS-ACCOUNTING.md,,gross
asn2024-ep2-Q06,assignments-2024,assignment-2024-25-3-ep2,6,,,,OUT,pending,unsearched,,reports/18-CORPUS-ACCOUNTING.md,,gross
asn2024-ep2-Q07,assignments-2024,assignment-2024-25-3-ep2,7,,,,OUT,pending,unsearched,,reports/18-CORPUS-ACCOUNTING.md,,gross
asn2024-ep2-Q08,assignments-2024,assignment-2024-25-3-ep2,8,,,,OUT,pending,unsearched,,reports/18-CORPUS-ACCOUNTING.md,,gross
asn2024-ep2-Q09,assignments-2024,assignment-2024-25-3-ep2,9,,,,OUT,pending,unsearched,,reports/18-CORPUS-ACCOUNTING.md,,gross
asn2024-ep2-Q10,assignments-2024,assignment-2024-25-3-ep2,10,,,,OUT,pending,unsearched,,reports/18-CORPUS-ACCOUNTING.md,,gross
asn2024-ep2-Q11,assignments-2024,assignment-2024-25-3-ep2,11,,,,OUT,pending,unsearched,,reports/18-CORPUS-ACCOUNTING.md,,gross
asn2024-ep2-Q12,assignments-2024,assignment-2024-25-3-ep2,12,,,,OUT,pending,unsearched,,reports/18-CORPUS-ACCOUNTING.md,,gross
asn2024-ep2-Q13,assignments-2024,assignment-2024-25-3-ep2,13,,,,OUT,pending,unsearched,,reports/18-CORPUS-ACCOUNTING.md,,gross
asn2024-ep2-Q14,assignments-2024,assignment-2024-25-3-ep2,14,,,,OUT,pending,unsearched,,reports/18-CORPUS-ACCOUNTING.md,,gross
asn2024-ep2-Q15,assignments-2024,assignment-2024-25-3-ep2,15,,,,OUT,pending,unsearched,,reports/18-CORPUS-ACCOUNTING.md,,gross
asn2024-ep2-Q16,assignments-2024,assignment-2024-25-3-ep2,16,,,,OUT,pending,unsearched,,reports/18-CORPUS-ACCOUNTING.md,,gross
asn2024-ep2-Q17,assignments-2024,assignment-2024-25-3-ep2,17,,,,OUT,pending,unsearched,,reports/18-CORPUS-ACCOUNTING.md,,gross
asn2024-ep2-Q18,assignments-2024,assignment-2024-25-3-ep2,18,,,,OUT,pending,unsearched,,reports/18-CORPUS-ACCOUNTING.md,,gross
asn2024-ep2-Q19,assignments-2024,assignment-2024-25-3-ep2,19,,,,OUT,pending,unsearched,,reports/18-CORPUS-ACCOUNTING.md,,gross
asn2024-ep2-Q20,assignments-2024,assignment-2024-25-3-ep2,20,,,,OUT,pending,unsearched,,reports/18-CORPUS-ACCOUNTING.md,,gross
asn2024-ep2-Q21,assignments-2024,assignment-2024-25-3-ep2,21,,,,OUT,pending,unsearched,,reports/18-CORPUS-ACCOUNTING.md,,gross
asn2024-ep2-Q22,assignments-2024,assignment-2024-25-3-ep2,22,,,,OUT,pending,unsearched,,reports/18-CORPUS-ACCOUNTING.md,,gross
asn2024-ep2-Q23,assignments-2024,assignment-2024-25-3-ep2,23,,,,OUT,pending,unsearched,,reports/18-CORPUS-ACCOUNTING.md,,gross
asn2024-ep2-Q24,assignments-2024,assignment-2024-25-3-ep2,24,,,,OUT,pending,unsearched,,reports/18-CORPUS-ACCOUNTING.md,,gross
asn2024-ep2-Q25,assignments-2024,assignment-2024-25-3-ep2,25,,,,OUT,pending,unsearched,,reports/18-CORPUS-ACCOUNTING.md,,gross
asn2024-4-Q01,assignments-2024,assignment-2024-25-4,1,,,1. Define- i). Statistical Hypothesis ii). Null Hypothesis and Alternative Hypothesis iii). One tailed and two tailed test iv). Type I and type II error v). Significance level and critical region vi). Confidence interval and confidence limits.,OUT,resolved,open,,reports/18-CORPUS-ACCOUNTING.md,,gross
asn2024-4-Q02,assignments-2024,assignment-2024-25-4,2,,,2. Statistical hypothesis under test is called……………,OUT,resolved,unsearched,,reports/18-CORPUS-ACCOUNTING.md,,gross
asn2024-4-Q03,assignments-2024,assignment-2024-25-4,3,,,3. A wrong decision about the null hypothesis leads to …………….. types of errors.,OUT,resolved,open,,reports/18-CORPUS-ACCOUNTING.md,,gross
asn2024-4-Q04,assignments-2024,assignment-2024-25-4,4,,,4. The probability of type I error is given by……..,OUT,resolved,unsearched,,reports/18-CORPUS-ACCOUNTING.md,,gross
asn2024-4-Q05,assignments-2024,assignment-2024-25-4,5,,,5. The level of significance of a test is related to type …….. error and is given by…………..,OUT,resolved,open,,reports/18-CORPUS-ACCOUNTING.md,,gross
asn2024-4-Q06,assignments-2024,assignment-2024-25-4,6,,,6. Critical region provides us the criterion for ………….. of null hypothesis.,OUT,resolved,open,,reports/18-CORPUS-ACCOUNTING.md,,gross
asn2024-4-Q07,assignments-2024,assignment-2024-25-4,7,,,7. Which one of the following statement is true for Type II error (a) Rejecting an incorrect Hypothesis (b) Accepting an incorrect Hypothesis (c ) Accepting a correct Hypothesis (d) Rejecting a correct Hypothesis,OUT,resolved,open,,reports/18-CORPUS-ACCOUNTING.md,,gross
asn2024-4-Q08,assignments-2024,assignment-2024-25-4,8,,,8. An investigator commits a type II error when he / she (a) rejects a null hypothesis when it is true (b) accepts a null hypothesis when it is true (c ) rejects a null hypothesis when it is false (d) accepts a null hypothesis when it is false,OUT,resolved,open,,reports/18-CORPUS-ACCOUNTING.md,,gross
asn2024-4-Q09,assignments-2024,assignment-2024-25-4,9,,,"9. Type I error in the testing of null hypothesis occurs when the researchers (a) rejects it, when it is true (b) accepts it, but it is false ( c) Both (a) and (b) (d) neither (a) nor (b) Section B 10 (A)The heights of 10 adult males selected at random from a given locality had a mean of 158 cm and variance 39.0625 cm. State the null and alternative Hypothesis. [Ans: H0: µ=162.5; H1: µ<162.50]",OUT,resolved,open,,reports/18-CORPUS-ACCOUNTING.md,,gross
asn2024-4-Q10,assignments-2024,assignment-2024-25-4,10,,,"10. (B). A local telephone company claims that the average length of a phone call is 8 minutes. In a random sample of 18 phone calls, the sample mean was 7.8 minutes and the standard deviation was 0.5 minutes. Is there enough evidence to support this claim at  = 0.05. State the null and alternative Hypothesis. [Ans: H0: µ=8; H1: µ≠8]",OUT,resolved,open,,reports/18-CORPUS-ACCOUNTING.md,,gross
asn2024-4-Q11,assignments-2024,assignment-2024-25-4,11,,,11. (A) A travel agency’s marketing brochure indicates that the standard deviations of hotel room rates for two cities are the same. A random sample of 13 hotel room rates in one city has a standard deviation of $27.50 and a random sample of 16 hotel room rates in the other city has a standard deviation of $29.75. State the null and alternative Hypothesis.,OUT,resolved,open,,reports/18-CORPUS-ACCOUNTING.md,,gross
asn2024-4-Q12,assignments-2024,assignment-2024-25-4,12,,,"12. (A) A manufacturer claims that its rechargeable batteries have an average life greater than 1,000 charges. A random sample of 10 batteries has a mean life of 1002 charges and a standard deviation of 14. State the null and alternative Hypothesis [Ans: 𝑯𝟎 ∶ 𝝁 = 𝟏𝟎𝟎𝟎, 𝑯𝟏: 𝝁 > 𝟏𝟎𝟎𝟎] 12.(B) Certain pesticide is packed into bags by a machine. A random sample of 10 bags is drawn and their contents are found to weight in kgs as follows: 50, 49, 44, 52, 45, 48, 46, 45, 49, 45. State the null and alte",OUT,resolved,open,,reports/18-CORPUS-ACCOUNTING.md,,gross
asn2024-4-Q13,assignments-2024,assignment-2024-25-4,13,,,"13. Given the frequency function, 𝑓(𝑥, 𝜃) = 𝜃 , 0 ≤ 𝑥 ≤ 𝜃 and 𝑓(𝑥, 𝜃) = 0, otherwise and that you are testing the null hypothesis 𝐻0 : 𝜃 = 1 against 𝐻1 : 𝜃 = 2, by means of a single observed value 𝑥. What would be the sizes of the Type I and type II errors, if you choose the interval (𝑖)0.5 ≤ 𝑥, (𝑖𝑖) 1 ≤ 𝑥 ≤ 1.5 as the critical regions? [Ans: (i) 𝜶=0.5, 𝜷 = 𝟎. 𝟐𝟓, (𝒊𝒊) 𝜶 = 𝟎, 𝜷 = 𝟎. 𝟕𝟓] 1",OUT,resolved,verbatim,G&K-Fundamentals,reports/18-CORPUS-ACCOUNTING.md ; G&K-Fundamentals: hypothesis against means single observed | against means single observed what | means single observed what sizes | single observed what sizes type,,gross
asn2024-4-Q14,assignments-2024,assignment-2024-25-4,14,,,"14. Let p be the probability that a coin will fall head in a single toss in order to test 𝐻0 : 𝑝 = 2 against 𝐻1 : 𝑝 = 3 . The coin is tossed 5 times and H0 is rejected if more than 3 heads are obtained. Find the probability 4 of type I error. [Ans: 𝜶=3/16, 𝜷 = 𝟒𝟕/𝟏𝟐𝟖]",OUT,resolved,family,G&K-Fundamentals,reports/18-CORPUS-ACCOUNTING.md ; G&K-Fundamentals: probability coin fall head single | coin fall head single toss | fall head single toss order | head single toss order test,,gross
asn2024-4-Q15,assignments-2024,assignment-2024-25-4,15,,,"15. If x ≥ 1 is the critical region for testing 𝐻0 : Ɵ = 2 against the alternative Ɵ = 1, on the basis of the single observation from the population. 𝑓(𝑥, 𝜃) = 𝜃 exp(−𝜃𝑥) , 0 ≤ 𝑥 ≤ ∞ Obtain the values of type 1 and type II errors. [Ans: 𝜶=1/e2, 𝜷 = (𝒆 − 𝟏)/𝒆]",OUT,resolved,family,G&K-Fundamentals,reports/18-CORPUS-ACCOUNTING.md ; G&K-Fundamentals: against alternative basis single observation | obtain values type type ii | values type type ii errors,,gross
asn2024-4-Q16,assignments-2024,assignment-2024-25-4,16,,,"16. A random variable X follows the following exponential distribution 1 −𝑥/𝜃 𝑓(𝑥, 𝜃) = 𝑒 , 0 ≤ 𝑥 ≤ ∞, 𝜃 > 0 𝜃 The null hypothesis 𝐻0 : 𝜃 = 2 is rejected and alternative hypothesis 𝐻0 : 𝜃 = 4 is accepted. If the observation selected at random takes the value 6 or more, find the critical region, acceptance region, and the type I and type II error. ***************************",OUT,resolved,open,,reports/18-CORPUS-ACCOUNTING.md,,gross
asn2024-5-Q01,assignments-2024,assignment-2024-25-5,1,,,,OUT,pending,unsearched,,reports/18-CORPUS-ACCOUNTING.md,,gross
asn2024-5-Q02,assignments-2024,assignment-2024-25-5,2,,,,OUT,pending,unsearched,,reports/18-CORPUS-ACCOUNTING.md,,gross
asn2024-5-Q03,assignments-2024,assignment-2024-25-5,3,,,,OUT,pending,unsearched,,reports/18-CORPUS-ACCOUNTING.md,,gross
asn2024-5-Q04,assignments-2024,assignment-2024-25-5,4,,,,OUT,pending,unsearched,,reports/18-CORPUS-ACCOUNTING.md,,gross
asn2024-5-Q05,assignments-2024,assignment-2024-25-5,5,,,,OUT,pending,unsearched,,reports/18-CORPUS-ACCOUNTING.md,,gross
asn2024-5-Q06,assignments-2024,assignment-2024-25-5,6,,,,OUT,pending,unsearched,,reports/18-CORPUS-ACCOUNTING.md,,gross
asn2024-5-Q07,assignments-2024,assignment-2024-25-5,7,,,,OUT,pending,unsearched,,reports/18-CORPUS-ACCOUNTING.md,,gross
asn2024-5-Q08,assignments-2024,assignment-2024-25-5,8,,,,OUT,pending,unsearched,,reports/18-CORPUS-ACCOUNTING.md,,gross
asn2024-5-Q09,assignments-2024,assignment-2024-25-5,9,,,,OUT,pending,unsearched,,reports/18-CORPUS-ACCOUNTING.md,,gross
asn2024-5-Q10,assignments-2024,assignment-2024-25-5,10,,,,OUT,pending,unsearched,,reports/18-CORPUS-ACCOUNTING.md,,gross
asn2024-5-Q11,assignments-2024,assignment-2024-25-5,11,,,,OUT,pending,unsearched,,reports/18-CORPUS-ACCOUNTING.md,,gross
asn2024-5-Q12,assignments-2024,assignment-2024-25-5,12,,,,OUT,pending,unsearched,,reports/18-CORPUS-ACCOUNTING.md,,gross
asn2024-5-Q13,assignments-2024,assignment-2024-25-5,13,,,,OUT,pending,unsearched,,reports/18-CORPUS-ACCOUNTING.md,,gross
asn2024-5-Q14,assignments-2024,assignment-2024-25-5,14,,,,OUT,pending,unsearched,,reports/18-CORPUS-ACCOUNTING.md,,gross
asn2024-5-Q15,assignments-2024,assignment-2024-25-5,15,,,,OUT,pending,unsearched,,reports/18-CORPUS-ACCOUNTING.md,,gross
asn2024-5-Q16,assignments-2024,assignment-2024-25-5,16,,,,OUT,pending,unsearched,,reports/18-CORPUS-ACCOUNTING.md,,gross
asn2024-5-Q17,assignments-2024,assignment-2024-25-5,17,,,,OUT,pending,unsearched,,reports/18-CORPUS-ACCOUNTING.md,,gross
asn2024-5-Q18,assignments-2024,assignment-2024-25-5,18,,,,OUT,pending,unsearched,,reports/18-CORPUS-ACCOUNTING.md,,gross
asn2024-5-Q19,assignments-2024,assignment-2024-25-5,19,,,,OUT,pending,unsearched,,reports/18-CORPUS-ACCOUNTING.md,,gross
asn2024-5-Q20,assignments-2024,assignment-2024-25-5,20,,,,OUT,pending,unsearched,,reports/18-CORPUS-ACCOUNTING.md,,gross
asn2024-5-Q21,assignments-2024,assignment-2024-25-5,21,,,,OUT,pending,unsearched,,reports/18-CORPUS-ACCOUNTING.md,,gross
asn2024-5-Q22,assignments-2024,assignment-2024-25-5,22,,,,OUT,pending,unsearched,,reports/18-CORPUS-ACCOUNTING.md,,gross
asn2024-5-Q23,assignments-2024,assignment-2024-25-5,23,,,,OUT,pending,unsearched,,reports/18-CORPUS-ACCOUNTING.md,,gross
asn2024-5-Q24,assignments-2024,assignment-2024-25-5,24,,,,OUT,pending,unsearched,,reports/18-CORPUS-ACCOUNTING.md,,gross
deck-L17-01,four-decks,sp-l1-7,1,31,31,faculty computer setup selection,IN,resolved,exact-text lead,Devore,deck wording matched in local Devore text,,gross
deck-L17-02,four-decks,sp-l1-7,2,33,33,basketball starting-lineup counting,IN,resolved,exact-text lead,Devore Section 2.1 Exercise 1,local Devore text and prior independent confirmations,,gross
deck-L17-03,four-decks,sp-l1-7,3,35,35,digital camera memory-card conditional probability,IN,resolved,exact-text lead,Devore,visual slide inspection and local Devore text,,gross
deck-L17-04,four-decks,sp-l1-7,4,39,39,rare-disease diagnostic-test Bayes probability,IN,resolved,exact-text lead,Devore,visual slide inspection and local Devore text,,gross
deck-L17-05,four-decks,sp-l1-7,5,54,54,gas-station pumps pmf probabilities,IN,resolved,exact match,Devore Example 2.3,visual slide inspection and local Devore text,,gross
deck-L17-06,four-decks,sp-l1-7,6,54,54,pmf table with k and CDF questions,IN,resolved,open,unknown,no exact source identifier recorded yet,,gross
deck-L17-07,four-decks,sp-l1-7,7,55,55,automobile cylinder-count pmf,IN,resolved,exact-text lead,Devore,visual slide inspection and local Devore text,,gross
deck-L17-08,four-decks,sp-l1-7,8,58,58,county planning forms pmf,IN,resolved,exact match,Devore Chapter 3 Exercise 14,local Devore text plus web exercise index,,gross
deck-L17-09,four-decks,sp-l1-7,9,60,60,flashlight batteries until two acceptable,IN,resolved,exact-text lead,Devore,visual slide inspection and local Devore text,,gross
deck-L17-10,four-decks,sp-l1-7,10,68,68,computer-board inspection outcomes,IN,resolved,exact-text lead,Devore,visual slide inspection and local Devore text,,gross
deck-L17-11,four-decks,sp-l1-7,11,70,70,maximum of two fair dice pmf and CDF,IN,resolved,exact-text lead,Devore,visual slide inspection and local Devore text,,gross
deck-L17-12,four-decks,sp-l1-7,12,73,73,prove CDF is nondecreasing,IN,resolved,exact-text lead,Devore,visual slide inspection and local Devore text,,gross
deck-L17-13,four-decks,sp-l1-7,13,82,82,pmf on minus 3 6 9 with transformed expectation,IN,resolved,open,unknown,no exact source identifier recorded yet,,gross
deck-L89-01,four-decks,sp-l8-9,1,17,17,two-bus uniform waiting-time pdf,IN,resolved,exact match,Devore Chapter 4 Exercise 8,visual slide inspection plus local and web exercise index,,gross
deck-L89-02,four-decks,sp-l8-9,2,29,29,CDF to density and interval probability,IN,resolved,open,unknown,no exact source identifier recorded yet,,gross
deck-L89-03,four-decks,sp-l8-9,3,32,32,kidney-treatment hospitalization expectation,IN,resolved,probable exact-text lead,Devore,deck wording resembles Devore exercise and needs exact identifier,,gross
deck-L89-04,four-decks,sp-l8-9,4,36,36,Pareto moments and existence conditions,IN,resolved,probable exact-text lead,Devore Exercise 10,slide itself says introduced in Exercise 10,,gross
deck-L1213-01,four-decks,sp-l12-13-discrete,1,3,5,exactly three heads in five coin tosses,IN,resolved,open,unknown,no exact source identifier recorded yet,,gross
deck-L1213-02,four-decks,sp-l12-13-discrete,2,13,16,twelve pens with ten percent defective,IN,resolved,family lead,Gupta and Kapoor defective-product family,exact twelve-pen version not found in current text sources,,gross
deck-L1213-03,four-decks,sp-l12-13-discrete,3,17,18,irregular die even outcomes in ten throws,IN,resolved,open,unknown,no exact source identifier recorded yet,,gross
deck-L1213-04,four-decks,sp-l12-13-discrete,4,25,25,Poisson relation P1 equals 0.2 P2,IN,resolved,open,unknown,no exact source identifier recorded yet,,gross
deck-L1213-05,four-decks,sp-l12-13-discrete,5,26,26,Poisson calls with exactly two in each of five minutes,IN,resolved,open,unknown,no exact source identifier recorded yet,,gross
deck-L1213-06,four-decks,sp-l12-13-discrete,6,27,27,life-insurance claims Poisson approximation,IN,resolved,open,unknown,no exact source identifier recorded yet,,gross
deck-L1415-01,four-decks,sp-l14-15-continuous,1,6,6,uniform distribution from 2 to 6,IN,resolved,verbatim slide source,McClave Statistics for Business and Economics 6e,printed Pearson copyright and book title on slide,,gross
deck-L1415-02,four-decks,sp-l14-15-continuous,2,26,26,standard normal probability below 2,IN,resolved,verbatim slide source,McClave Statistics for Business and Economics 6e,printed Pearson copyright and book title on slide,,gross
deck-L1415-03,four-decks,sp-l14-15-continuous,3,27,27,standard normal probability below minus 2,IN,resolved,verbatim slide source,McClave Statistics for Business and Economics 6e,printed Pearson copyright and book title on slide,,gross
deck-L1415-04,four-decks,sp-l14-15-continuous,4,29,31,normal N 8 5 probability below 8.6,IN,resolved,verbatim slide source,McClave Statistics for Business and Economics 6e,printed Pearson copyright and book title on slides,,gross
deck-L1415-05,four-decks,sp-l14-15-continuous,5,32,33,normal N 8 5 probability above 8.6,IN,resolved,verbatim slide source,McClave Statistics for Business and Economics 6e,printed Pearson copyright and book title on slides,,gross
deck-L1415-06,four-decks,sp-l14-15-continuous,6,35,37,normal N 8 5 lower twenty-percent cutoff,IN,resolved,verbatim slide source,McClave Statistics for Business and Economics 6e,printed Pearson copyright and book title on slides,,gross
deck-L1415-07,four-decks,sp-l14-15-continuous,7,42,43,exponential interarrival under three minutes at fifteen per hour,IN,resolved,verbatim slide source,McClave Statistics for Business and Economics 6e,printed Pearson copyright and book title on slides,,gross
